Datetime,Open,High,Low,Close,Volume
03-01-2000 09:15,1054.8101,1126.99,1054.8101,1126.99,0
10-01-2000 09:15,1088.97,1088.97,1023.41,1023.41,0
17-01-2000 09:15,1035.99,1058.91,1021.69,1058.91,0
24-01-2000 09:15,1049.8199,1153.35,1049.8199,1153.35,0
31-01-2000 09:15,1148.89,1186.97,1148.89,1172.21,0
07-02-2000 09:15,1158.08,1181.48,1150.2,1156.67,0
14-02-2000 09:15,1212.66,1212.66,1148.1,1151.5601,0
21-02-2000 09:15,1142.8,1142.8,1091.48,1109.38,0
28-02-2000 09:15,1141.1801,1141.1801,1075.15,1124.7,0
06-03-2000 09:15,1126.59,1126.59,987.88,987.88,0
13-03-2000 09:15,978.64001,1055.36,978.64001,1055.36,0
20-03-2000 09:15,1074.75,1088.21,1074.75,1086.3199,0
27-03-2000 09:15,1071.09,1106.83,1070.13,1106.83,0
03-04-2000 09:15,1110.14,1110.14,989.20001,1048.75,0
10-04-2000 09:15,1087.71,1105.1899,1056.89,1056.89,0
17-04-2000 09:15,1003.89,1031.28,1003.89,1026.09,0
24-04-2000 09:15,1009.29,1067.5699,1009.29,1056.2,0
01-05-2000 09:15,1021.98,1040.91,1020.9,1040.91,0
08-05-2000 09:15,1031.09,1032.5,995.66998,995.66998,0
15-05-2000 09:15,993.34998,999.40002,984.62,988.26001,0
22-05-2000 09:15,966.01001,966.01001,948.47998,953.85999,0
29-05-2000 09:15,966.83002,1007.95,966.83002,1007.95,0
05-06-2000 09:15,1034.98,1070.22,1029.53,1070.22,0
12-06-2000 09:15,1052.4399,1098,1052.4399,1098,0
19-06-2000 09:15,1087.05,1120.48,1087.05,1120.48,0
26-06-2000 09:15,1084.38,1093.55,1083.34,1087.1801,0
03-07-2000 09:15,1119.29,1135.0601,1119.29,1130.0601,0
10-07-2000 09:15,1110.67,1116.83,1095.11,1095.11,0
17-07-2000 09:15,1081.53,1090.71,1046.92,1046.92,0
24-07-2000 09:15,983.98999,1010.99,983.98999,1002.71,0
31-07-2000 09:15,993.58002,1009.51,979.72998,1009.51,0
07-08-2000 09:15,986.89001,1017.43,986.89001,994.59998,0
14-08-2000 09:15,991.83002,1008.41,987.09998,987.09998,0
21-08-2000 09:15,981.28998,994.70001,975.52002,994.70001,0
28-08-2000 09:15,995.54999,1006.13,989.37,1003.07,0
04-09-2000 09:15,1015.61,1044.64,1015.61,1044.64,0
11-09-2000 09:15,1039.26,1039.26,959.48999,959.48999,0
18-09-2000 09:15,920.64001,945.15002,908.28003,908.28003,0
25-09-2000 09:15,925.06,925.06,901.51001,907.53003,0
02-10-2000 09:15,892.84998,892.84998,866.03998,866.03998,0
09-10-2000 09:15,870.41998,870.41998,850.27002,856.53998,0
16-10-2000 09:15,860.21002,860.21002,844.73999,857.09003,0
23-10-2000 09:15,831.77002,850.28998,829.96002,845.39001,0
30-10-2000 09:15,846.09003,908.42999,846.09003,908.42999,0
06-11-2000 09:15,910.51001,915.41998,897.58002,897.58002,0
13-11-2000 09:15,878.06,949.59998,878.06,919.39001,0
20-11-2000 09:15,919.12,919.12,900.45001,909.54999,0
27-11-2000 09:15,937.83002,958.15997,937.83002,946.46997,0
04-12-2000 09:15,961.91998,992.82001,961.91998,992.82001,0
11-12-2000 09:15,998.66998,1018.01,973.54999,973.54999,0
18-12-2000 09:15,970.5,984.64001,947.67999,947.67999,0
25-12-2000 09:15,925.84003,971.72998,925.84003,971.72998,0
01-01-2001 09:15,977.94,1046.99,977.94,1046.99,0
08-01-2001 09:15,1033.98,1049.51,1027.9399,1049.51,0
15-01-2001 09:15,1057.52,1068.6899,1054.72,1068.6899,0
22-01-2001 09:15,1073.29,1121.02,1073.29,1121.02,0
29-01-2001 09:15,1085.88,1102.8101,1080.88,1102.8101,0
05-02-2001 09:15,1128.24,1244.64,1128.24,1244.64,0
12-02-2001 09:15,1233.37,1233.37,1139.75,1139.75,0
19-02-2001 09:15,1149.5601,1153.5601,1089.8101,1089.8101,0
26-02-2001 09:15,1090.46,1246.48,1086.55,1238.15,0
05-03-2001 09:15,1226.4301,1226.4301,1184.86,1184.86,0
12-03-2001 09:15,1129.37,1129.37,1057.12,1080.1899,0
19-03-2001 09:15,1081.65,1084.6899,1037.46,1037.46,0
26-03-2001 09:15,1031.9,1040.9,991.51001,991.51001,0
02-04-2001 09:15,960.27002,970.45001,960.27002,968.42999,0
09-04-2001 09:15,974.95001,977.64001,963.34998,963.34998,0
16-04-2001 09:15,985.96997,1051.72,985.96997,1039.52,0
23-04-2001 09:15,1040.88,1040.88,996.95001,996.95001,0
30-04-2001 09:15,992.76001,1024.42,992.76001,1024.42,0
07-05-2001 09:15,1048.21,1075.8101,1041.1899,1059.35,0
14-05-2001 09:15,1070.86,1072.46,1060.41,1061.1801,0
21-05-2001 09:15,1049.76,1049.76,1030.83,1030.83,0
28-05-2001 09:15,1041.87,1058.39,1021.04,1021.04,0
04-06-2001 09:15,1012.14,1036.9,998.01001,1036.9,0
11-06-2001 09:15,1041.1801,1041.1801,994.40997,994.40997,0
18-06-2001 09:15,978.31,1028.42,978.31,1015.99,0
25-06-2001 09:15,977.21002,992.65997,977.21002,986.95001,0
02-07-2001 09:15,987.64001,991.96002,982.15997,982.15997,0
09-07-2001 09:15,978.60999,1005.36,971.25,1004.62,0
16-07-2001 09:15,1006.09,1006.09,984.91998,984.91998,0
23-07-2001 09:15,981.89001,981.89001,951.54999,972.84998,0
30-07-2001 09:15,966.32001,972.09003,960.83002,968.10999,0
06-08-2001 09:15,966.42999,966.42999,942.71997,953.84003,0
13-08-2001 09:15,963.51001,975.12,963.51001,970.08002,0
20-08-2001 09:15,964.35999,964.35999,953.06,954.16998,0
27-08-2001 09:15,954.08002,954.08002,938.29999,939.57001,0
03-09-2001 09:15,940.38,940.38,911.97998,911.97998,0
10-09-2001 09:15,907.03998,907.03998,819.21002,819.21002,0
17-09-2001 09:15,755.85999,803.51001,743.70001,743.70001,0
24-09-2001 09:15,749.83002,797.96997,749.83002,797.96997,0
01-10-2001 09:15,810.26001,816.47998,800.19,816.47998,0
08-10-2001 09:15,806.70001,858.59003,806.70001,858.59003,0
15-10-2001 09:15,855.41998,863.45001,852.81,857.27002,0
22-10-2001 09:15,868.72998,884.73999,868.72998,884.73999,0
29-10-2001 09:15,893.41998,901.92999,875.15002,901.92999,0
05-11-2001 09:15,913.44,920.37,908.28003,908.28003,0
12-11-2001 09:15,908.73999,914.89001,908.73999,914.89001,0
19-11-2001 09:15,916.23999,928.5,916.23999,925.13,0
26-11-2001 09:15,937.95001,955.92999,928.09998,928.09998,0
03-12-2001 09:15,917.02002,927.16998,913.90002,918.90997,0
10-12-2001 09:15,920.28998,920.28998,860.16998,860.16998,0
17-12-2001 09:15,861.58002,862.46002,849.87,853.34003,0
24-12-2001 09:15,844.82001,844.82001,821.02002,842.96997,0
31-12-2001 09:15,868.60999,903.90002,868.60999,903.90002,0
07-01-2002 09:15,886.59003,900.16998,877.92999,892.84998,0
14-01-2002 09:15,936.27002,948.47998,931.90002,948.47998,0
21-01-2002 09:15,938.46997,945.75,920.09003,920.64001,0
28-01-2002 09:15,939.23999,939.23999,917.78998,923.38,0
04-02-2002 09:15,946.63,1040.08,941.37,1040.08,0
11-02-2002 09:15,1044.52,1098.96,1038.77,1098.96,0
18-02-2002 09:15,1110.33,1110.33,1071.04,1105.02,0
25-02-2002 09:15,1103.63,1128.1899,1028.48,1062.9,0
04-03-2002 09:15,1071.61,1071.61,1061.88,1061.88,0
11-03-2002 09:15,1052.04,1060.62,1038.3101,1060.62,0
18-03-2002 09:15,1063.66,1063.66,1035.42,1035.42,0
25-03-2002 09:15,1034.71,1038.8,1033.58,1033.58,0
01-04-2002 09:15,1075.53,1075.53,1054.8,1055.9301,0
08-04-2002 09:15,1069.59,1077.53,1060.36,1077.53,0
15-04-2002 09:15,1075.01,1085.84,1072.59,1072.59,0
22-04-2002 09:15,1064.28,1071.85,1064.28,1070.1899,0
29-04-2002 09:15,1041.25,1045.67,1041.25,1045.67,0
06-05-2002 09:15,1050.76,1071.6,1050.76,1069.22,0
13-05-2002 09:15,1069.6801,1075.13,1040.53,1040.53,0
20-05-2002 09:15,1023.48,1026.47,1005.44,1026.47,0
27-05-2002 09:15,1022.56,1039.46,1016.69,1039.46,0
03-06-2002 09:15,1045.7,1103.25,1042.61,1084.99,0
10-06-2002 09:15,1114.64,1163.08,1114.64,1127.52,0
17-06-2002 09:15,1141.47,1143.1801,1117,1117,0
24-06-2002 09:15,1109.26,1109.26,1079.17,1094.7,0
01-07-2002 09:15,1112.5601,1130.55,1112.5601,1127.4399,0
08-07-2002 09:15,1125.28,1126.29,1103.54,1103.54,0
15-07-2002 09:15,1093.1899,1093.1899,1081.3199,1085.86,0
22-07-2002 09:15,1073.26,1079.16,1042.3101,1042.3101,0
29-07-2002 09:15,1055.65,1057.55,1040.3199,1051.87,0
05-08-2002 09:15,1052.98,1052.98,1042.89,1047.8,0
12-08-2002 09:15,1045.45,1045.88,1035.97,1041.49,0
19-08-2002 09:15,1044.76,1052.6899,1041.21,1052.6899,0
26-08-2002 09:15,1055.49,1073.63,1051.51,1073.63,0
02-09-2002 09:15,1064.34,1064.34,1054.16,1058.4,0
09-09-2002 09:15,1051.61,1068.66,1051.61,1062.2,0
16-09-2002 09:15,1054.23,1063.3101,1049,1049,0
23-09-2002 09:15,1042.62,1044.91,1028.6801,1044.91,0
30-09-2002 09:15,1045.23,1046.67,1040.45,1042.49,0
07-10-2002 09:15,1045.23,1045.23,1027.9,1032.38,0
14-10-2002 09:15,1035.77,1035.77,1010.45,1010.45,0
21-10-2002 09:15,1018.11,1018.11,995.15002,996.54999,0
28-10-2002 09:15,1014.43,1023.82,1010.03,1021.44,0
04-11-2002 09:15,1033.47,1035.02,1009.95,1009.95,0
11-11-2002 09:15,1003.63,1003.63,982.78003,1002.41,0
18-11-2002 09:15,1017.23,1051.46,1013.08,1051.46,0
25-11-2002 09:15,1073.77,1094.95,1073.77,1094.95,0
02-12-2002 09:15,1103.58,1134.2,1090.5601,1134.2,0
09-12-2002 09:15,1137.04,1205.92,1124.97,1205.92,0
16-12-2002 09:15,1201.66,1235.99,1201.66,1212.6899,0
23-12-2002 09:15,1215.7,1237.86,1215.7,1237.86,0
30-12-2002 09:15,1223.45,1226.5,1208.27,1208.27,0
06-01-2003 09:15,1181.49,1244.5601,1181.49,1244.5601,0
13-01-2003 09:15,1254.52,1287.98,1252.2,1287.98,0
20-01-2003 09:15,1298.1801,1346.59,1298.1801,1305.28,0
27-01-2003 09:15,1284.41,1298.95,1273.62,1273.62,0
03-02-2003 09:15,1295.99,1335.46,1295.99,1319.52,0
10-02-2003 09:15,1291.14,1306.8,1289.73,1296.76,0
17-02-2003 09:15,1327.6801,1371.27,1327.6801,1366.71,0
24-02-2003 09:15,1374,1374,1306.02,1306.02,0
03-03-2003 09:15,1323.41,1323.41,1267.9,1267.9,0
10-03-2003 09:15,1250.8101,1265.65,1250.8101,1261.89,0
17-03-2003 09:15,1253.5,1301.23,1253.5,1301.23,0
24-03-2003 09:15,1278.33,1289.04,1265.9,1289.04,0
31-03-2003 09:15,1265.1899,1341.38,1265.1899,1341.38,0
07-04-2003 09:15,1361.65,1361.65,1330.5,1337.4,0
14-04-2003 09:15,1333.7,1350.62,1333.7,1343.11,0
21-04-2003 09:15,1341.87,1341.87,1307.99,1311.52,0
28-04-2003 09:15,1338.51,1342.61,1314.71,1342.61,0
05-05-2003 09:15,1368.05,1372.6899,1354.4,1372.6899,0
12-05-2003 09:15,1427.48,1495.98,1427.48,1494.09,0
19-05-2003 09:15,1484.23,1552.77,1484.23,1552.77,0
26-05-2003 09:15,1605.39,1665.1899,1583.42,1630.9399,0
02-06-2003 09:15,1538.83,1617.5,1538.83,1610.91,0
09-06-2003 09:15,1607.99,1607.99,1529.89,1543.23,0
16-06-2003 09:15,1534.35,1577.13,1534.35,1577.13,0
23-06-2003 09:15,1560.88,1626.3,1560.88,1626.3,0
30-06-2003 09:15,1657.5601,1738.8199,1647.2,1709.95,0
07-07-2003 09:15,1723.76,1740.12,1702.29,1740.12,0
14-07-2003 09:15,1795.12,1854.21,1795.12,1803.51,0
21-07-2003 09:15,1774.17,1819.6,1719.49,1819.6,0
28-07-2003 09:15,1815.1,1857.27,1807.9399,1811.03,0
04-08-2003 09:15,1803.76,1803.76,1717.49,1790.21,0
11-08-2003 09:15,1800.53,1810.97,1796.8,1804.62,0
18-08-2003 09:15,1806.5,1896.5601,1801.62,1896.5601,0
25-08-2003 09:15,1839.42,1996.0601,1839.42,1940.75,0
01-09-2003 09:15,1943.36,1977.27,1901.9399,1917.6,0
08-09-2003 09:15,1940.5699,1990.13,1922.37,1947.58,0
15-09-2003 09:15,1875.79,1928.2,1818.34,1829.34,0
22-09-2003 09:15,1802.87,1942.72,1802.87,1942.72,0
29-09-2003 09:15,1980.41,2068.22,1980.41,2068.22,0
06-10-2003 09:15,2120.8501,2207.47,2117.4299,2182.45,0
13-10-2003 09:15,2231.9199,2323.51,2191.8601,2301.0701,0
20-10-2003 09:15,2261.97,2261.97,2187.3501,2248.0701,0
27-10-2003 09:15,2216.6399,2294.55,2191.1101,2294.55,0
03-11-2003 09:15,2274.45,2297.6399,2236.74,2236.74,0
10-11-2003 09:15,2221.05,2255.4099,2172.6001,2172.6001,0
17-11-2003 09:15,2204.5601,2204.5601,2088.73,2091.3799,0
24-11-2003 09:15,2107.1799,2202.46,2107.1799,2202.46,0
01-12-2003 09:15,2214.8501,2302.05,2214.8501,2216.77,0
08-12-2003 09:15,2206.71,2323.29,2206.71,2323.29,0
15-12-2003 09:15,2324.99,2342.6001,2303.25,2342.6001,0
22-12-2003 09:15,2427.54,2508.3899,2426.03,2508.3899,0
29-12-2003 09:15,2594.0901,2683.1001,2567.22,2683.1001,0
05-01-2004 09:15,2746.5,2840.6599,2687.7,2840.6599,0
12-01-2004 09:15,2872.29,2973.04,2810.77,2810.77,0
19-01-2004 09:15,2882.1699,2882.1699,2609.2,2741.8601,0
27-01-2004 09:15,2848.4199,2848.4199,2639.8799,2639.8799,0
03-02-2004 09:15,2515.55,2700.55,2515.55,2700.55,0
09-02-2004 09:15,2821.99,2831.3999,2797.04,2816.8401,0
16-02-2004 09:15,2808.21,2839.97,2694.1899,2694.1899,0
23-02-2004 09:15,2613.3401,2647.9399,2561,2603.97,0
01-03-2004 09:15,2676.6299,2730.1299,2676.6299,2730.1299,0
08-03-2004 09:15,2808.1001,2808.3899,2669.23,2669.23,0
15-03-2004 09:15,2598.4299,2634.6699,2583.0701,2599.73,0
22-03-2004 09:15,2532.3899,2725.6201,2520.8501,2725.6201,0
29-03-2004 09:15,2799.1599,2909.3201,2781.98,2909.3201,0
05-04-2004 09:15,2882.8,2909.73,2882.8,2909.73,0
12-04-2004 09:15,2894.1699,3024.1001,2894.1699,3024.1001,0
19-04-2004 09:15,3026.49,3184.48,3025.5601,3184.48,0
26-04-2004 09:15,3041.48,3085.6299,3041.48,3059.79,0
03-05-2004 09:15,2985.05,3113.52,2985.05,3084.6001,0
10-05-2004 09:15,3020.8701,3020.8701,2455.52,2455.52,0
17-05-2004 09:15,2110.5701,2542.9399,2110.5701,2519.4299,0
24-05-2004 09:15,2551.25,2551.25,2356.95,2356.95,0
31-05-2004 09:15,2243.8999,2426.5901,2243.8999,2426.5901,0
07-06-2004 09:15,2448.78,2453.0701,2335.8101,2335.8101,0
14-06-2004 09:15,2245.7,2338.46,2245.7,2308.4299,0
21-06-2004 09:15,2256.24,2256.24,2200.95,2225.3701,0
28-06-2004 09:15,2278.1599,2306.71,2256.1201,2285.9299,0
05-07-2004 09:15,2214.0801,2255.9099,2162.1699,2202.2,0
12-07-2004 09:15,2221.1799,2267.6499,2203.73,2267.6499,0
19-07-2004 09:15,2292.8301,2399.1499,2292.8301,2399.1499,0
26-07-2004 09:15,2410.28,2410.28,2290.4199,2332.29,0
02-08-2004 09:15,2348.3101,2382.3,2316.8999,2346.8201,0
09-08-2004 09:15,2386.98,2387.6499,2322.8,2322.8,0
16-08-2004 09:15,2308.3201,2314.7,2263.22,2263.22,0
23-08-2004 09:15,2228.25,2316.3301,2228.25,2306.3401,0
30-08-2004 09:15,2348.5,2405.8201,2345.1599,2405.8201,0
06-09-2004 09:15,2415.53,2443.9199,2413.8101,2434.9099,0
13-09-2004 09:15,2401.6899,2500.6599,2401.6899,2500.6599,0
20-09-2004 09:15,2501.6201,2612.0701,2501.6201,2547.6899,0
27-09-2004 09:15,2524.4299,2544.8201,2502,2544.8201,0
04-10-2004 09:15,2562.0601,2623.6599,2562.0601,2594.8301,0
11-10-2004 09:15,2555.8401,2555.8401,2493.5901,2493.5901,0
18-10-2004 09:15,2495.52,2511.75,2484.8899,2484.8899,0
25-10-2004 09:15,2416.45,2466.96,2416.45,2466.96,0
01-11-2004 09:15,2506.48,2672.3401,2506.48,2672.3401,0
08-11-2004 09:15,2668.0601,2672.74,2650.79,2660.4199,0
16-11-2004 09:15,2738.5901,2871.9299,2738.5901,2848.79,0
22-11-2004 09:15,2845.6001,2887.5701,2845.6001,2887.5701,0
29-11-2004 09:15,2960.0601,3221.2,2960.0601,3221.2,0
06-12-2004 09:15,3208.1299,3247.03,3192.95,3199.1799,0
13-12-2004 09:15,3201.52,3239.3999,3186.25,3186.25,0
20-12-2004 09:15,3225.9099,3365.3999,3225.9099,3362.6699,0
27-12-2004 09:15,3382.8201,3497.3601,3382.8201,3497.3601,0
03-01-2005 09:15,3531.5601,3560.3999,3310.9399,3341.1201,0
10-01-2005 09:15,3263.6299,3263.6299,3084.6001,3199.1899,0
17-01-2005 09:15,3262.3601,3262.3601,3184.77,3184.77,0
24-01-2005 09:15,3115.1799,3325.3701,3115.1799,3325.3701,0
31-01-2005 09:15,3429.6001,3497.98,3410.75,3458.21,0
07-02-2005 09:15,3419.4099,3506.8999,3417.8999,3506.8999,0
14-02-2005 09:15,3526.9399,3526.9399,3478.72,3484.8799,0
21-02-2005 09:15,3463.1499,3543.6101,3463.1499,3529.72,0
28-02-2005 09:15,3676.5,3769.6001,3627.0601,3769.6001,0
07-03-2005 09:15,3897.6399,3931.54,3881.8401,3910.1101,0
14-03-2005 09:15,3874.4199,3874.4199,3795.02,3799.78,0
21-03-2005 09:15,3783.76,3783.76,3501.1201,3501.1201,0
28-03-2005 09:15,3549.6899,3609.1101,3449.98,3609.1101,0
04-04-2005 09:15,3625.22,3625.22,3520.55,3520.55,0
11-04-2005 09:15,3487.5701,3536.4099,3426.8701,3426.8701,0
18-04-2005 09:15,3369.79,3388.52,3335.48,3388.52,0
25-04-2005 09:15,3418.7,3418.7,3162.21,3162.21,0
02-05-2005 09:15,3178.5701,3354.1299,3178.5701,3339.3101,0
09-05-2005 09:15,3374.3601,3396.1399,3364.96,3371.01,0
16-05-2005 09:15,3422.78,3425.5,3390.25,3425.5,0
23-05-2005 09:15,3456.97,3493.1201,3456.97,3481.2,0
30-05-2005 09:15,3440.0601,3468.8601,3427.4399,3468.8601,0
06-06-2005 09:15,3522.8401,3665.8,3522.8401,3593.55,0
13-06-2005 09:15,3593.8999,3703.75,3556.7,3595.8,0
20-06-2005 09:15,3600.8999,3627.8501,3518.95,3599.1001,0
27-06-2005 09:15,3599,3704.3501,3542.3999,3678.8999,0
04-07-2005 09:15,3684.05,3796.8999,3646.95,3772.2,0
11-07-2005 09:15,3774.45,3927.55,3774.45,3834.8501,0
18-07-2005 09:15,3837.45,3955.3,3823.8501,3949.45,0
25-07-2005 09:15,3954.25,4431.9502,3954.25,4361.1499,0
01-08-2005 09:15,4349.6001,4370.5,4262.8501,4277.1499,0
08-08-2005 09:15,4359.0498,4359.0498,4071.95,4263.25,0
16-08-2005 09:15,4264.5498,4317.1001,4167.5498,4174.8999,0
22-08-2005 09:15,4196.75,4212.2002,3952.5,4042.25,0
29-08-2005 09:15,4042.8501,4111.1499,3958.3,4089.45,0
05-09-2005 09:15,4096.3501,4334.2002,4096.3501,4314.1499,0
12-09-2005 09:15,4318.7998,4497.5,4311.4502,4485.1499,0
19-09-2005 09:15,4487.25,4641.25,4295.6001,4397.9502,0
26-09-2005 09:15,4407.5498,4667.9502,4406.5,4622.1001,0
03-10-2005 09:15,4639.1499,4704.4502,4354.0498,4414.25,0
10-10-2005 09:15,4415.8999,4530.0498,4259.7998,4274.8501,0
17-10-2005 09:15,4293.4502,4331.2002,4026.75,4132.1499,0
24-10-2005 09:15,4136.7998,4165.5,3858.05,3876.55,0
31-10-2005 09:15,3907.3,4069.75,3888.8999,4014.6499,0
07-11-2005 09:15,4013.8501,4174,3990.8999,4165.2998,0
14-11-2005 09:15,4170.6001,4416.8501,4170.6001,4346.1001,0
21-11-2005 09:15,4350.7998,4374,4177.2002,4367.6499,0
28-11-2005 09:15,4379.6499,4426.9502,4269.8501,4343.4502,0
05-12-2005 09:15,4339,4368.2998,4218.4502,4314.5,0
12-12-2005 09:15,4314.5498,4541.6001,4314.5498,4520.1499,0
19-12-2005 09:15,4492.3999,4611.7002,4459.0498,4469.7998,0
26-12-2005 09:15,4463.6499,4551.6499,4299.2998,4534.2002,0
02-01-2006 09:15,4566.9502,4802.7998,4531.4502,4755.6001,0
09-01-2006 09:15,4758.1001,4777.0498,4589.4502,4602.5498,0
16-01-2006 09:15,4602.9502,4615.9502,4385.6499,4509.3999,0
23-01-2006 09:15,4510.8501,4676.6001,4462.1499,4666.8999,0
30-01-2006 09:15,4574.0498,4668.3999,4382.2002,4397.8999,0
06-02-2006 09:15,4421.6001,4597.5,4421.6001,4581.8501,0
13-02-2006 09:15,4584.0498,4629.4502,4360.2998,4452.2998,0
20-02-2006 09:15,4460.6499,4508.1001,4378.1001,4497.75,0
27-02-2006 09:15,4502.8999,4686.3999,4500.6499,4624,0
06-03-2006 09:15,4624.8501,4683.4502,4491.1001,4656.0498,0
13-03-2006 09:15,4660.9502,4785.0498,4648.8999,4701.1499,0
20-03-2006 09:15,4707,4744.25,4592.7002,4662.8999,0
27-03-2006 09:15,4709.25,4732.2998,4628.3501,4661.5,0
03-04-2006 09:15,4661.5,4905.0498,4661.5,4717.6001,0
10-04-2006 09:15,4721.3999,4754.7998,4408.6499,4467.1001,0
17-04-2006 09:15,4477.5,4694,4477.5,4596.1001,0
24-04-2006 09:15,4593.25,4606.0498,4179.8501,4437.0498,0
02-05-2006 09:15,4558.25,4960.75,4558.25,4876.5498,0
08-05-2006 09:15,4892.25,5074.3999,4828.9502,4871.6001,0
15-05-2006 09:15,4873.2998,4914.8999,4291.1499,4330.3999,0
22-05-2006 09:15,4380.3999,4466.7998,3972.25,4324.0498,0
29-05-2006 09:15,4324.7002,4391.3501,4032.95,4176.5,0
05-06-2006 09:15,4177.2998,4200.7998,3596.7,3829.3999,0
12-06-2006 09:15,3832.8,3853.6001,3408.95,3770.45,0
19-06-2006 09:15,3762.5,3850.1499,3633.1001,3802.5,0
26-06-2006 09:15,3794.3501,3794.3501,3571.25,3708.8999,0
03-07-2006 09:15,3717.75,3964.8,3657.3,3704.95,0
10-07-2006 09:15,3695.7,3713.8501,3529.1499,3630.1001,0
17-07-2006 09:15,3659.3501,3659.3501,3413.5,3543.55,0
24-07-2006 09:15,3537,4042.75,3495.6001,4022.95,0
31-07-2006 09:15,4032.45,4192.9502,3996.05,4067.75,0
07-08-2006 09:15,4059.45,4403.3999,4032.5,4324.6499,0
14-08-2006 09:15,4314.7002,4471.3999,4308.25,4369.2998,0
21-08-2006 09:15,4342.8999,4596.7002,4325.4502,4495.4502,0
28-08-2006 09:15,4501.8501,4655.5,4485.9502,4650.8501,0
04-09-2006 09:15,4662.5,4743.8501,4616.1499,4658.4502,0
11-09-2006 09:15,4658.4502,4915.2002,4480.2002,4908.1001,0
18-09-2006 09:15,4905,4990.8999,4800.6499,4934.7002,0
25-09-2006 09:15,5078.3999,5519.5498,4910.8501,5276.25,0
03-10-2006 09:15,5277.0498,5357.2002,5185.9502,5311.25,0
09-10-2006 09:15,5290.75,5361.25,5142,5302.4502,0
16-10-2006 09:15,5250.6001,5433.7002,5250.6001,5333.6499,0
23-10-2006 09:15,5304.6001,5551.8999,5240.5,5545.25,0
30-10-2006 09:15,5539.8999,5795.8501,5479.6001,5613.1499,0
06-11-2006 09:15,5604.25,5797.7998,5460.5,5757.9502,0
13-11-2006 09:15,5773.25,6228.25,5730.8501,6119.6499,0
20-11-2006 09:15,6115.9502,6190.9502,5907.4502,6153.6001,0
27-11-2006 09:15,6128.5,6341.1499,6080.3501,6330.75,0
04-12-2006 09:15,6301.6499,6595.8501,6187.7002,6234.5498,0
11-12-2006 09:15,6177.8999,6177.8999,5408.9502,5958.2002,0
18-12-2006 09:15,5971.1001,6022.2002,5712,5790.3999,0
26-12-2006 09:15,5799.2002,6098.5498,5785.25,6008.75,0
02-01-2007 09:15,6015.1499,6122.3999,5982.4502,6049,0
08-01-2007 09:15,6069.8999,6184.6001,5684.7002,6157.9502,0
15-01-2007 09:15,6191,6292.8999,6103.1001,6184.8999,0
22-01-2007 09:15,6209.75,6224.1001,5989.6001,6107.6001,0
29-01-2007 09:15,6139.75,6176,5901.6499,6075.3501,0
05-02-2007 09:15,6120.1001,6248.6001,6047.5498,6184.4502,0
12-02-2007 09:15,6085.7998,6124.2002,5561,5841.6499,0
19-02-2007 09:15,5858.1499,5948.1499,5427.3501,5473.6001,0
26-02-2007 09:15,5493.6001,5616.25,5112.1499,5218.9502,0
05-03-2007 09:15,5135.75,5316.9502,4950.5,5187.8501,0
12-03-2007 09:15,5188.0498,5269.2998,4837.25,4893.4502,0
19-03-2007 09:15,4900.1499,5594.75,4871.4502,5518.8501,0
26-03-2007 09:15,5522.0498,5593.3501,5164.0498,5308.5,35045000
02-04-2007 09:15,5267.7002,5267.7002,4946.5498,5129.2002,46890000
09-04-2007 09:15,5129.0498,5404.1001,5129.0498,5362.1001,41289000
16-04-2007 09:15,5400.2998,5626.8501,5382.2002,5597.5498,51627000
23-04-2007 09:15,5622,5975,5511.7002,5752.8999,72080000
30-04-2007 09:15,5627.8999,5765.6001,5490.8501,5656.5498,38028000
07-05-2007 09:15,5773.3999,5773.3999,5480.5,5682.4502,55858000
14-05-2007 09:15,5733.2998,6313.5498,5733.2998,6290.7998,71160000
21-05-2007 09:15,6315.7998,6445.3999,6091.8999,6200.3501,56027000
28-05-2007 09:15,6199.1499,6431.5,6199.1499,6404.7998,41192000
04-06-2007 09:15,6431.25,6562.5,6129.9502,6177.7002,40485000
11-06-2007 09:15,6210.25,6278.8999,6048.7998,6176.2002,35573000
18-06-2007 09:15,6210.5,6621.1499,6157.6499,6542.0498,55031000
25-06-2007 09:15,6548.9502,6749.9502,6457.2998,6740.1001,48624000
02-07-2007 09:15,6811.8501,6917.3501,6696,6791.25,50874000
09-07-2007 09:15,6787.75,7032.6499,6752.3999,6980.3501,61961000
16-07-2007 09:15,6985.0498,7209.2002,6938.0498,7086.5498,59869000
23-07-2007 09:15,7073.7002,7142.1499,6608.1001,6698.6499,64090000
30-07-2007 09:15,6726.6001,6943.8999,6609.75,6854.6001,69330000
06-08-2007 09:15,6826.9502,7110.5498,6542.3999,6646.0498,59375000
13-08-2007 09:15,6650.2998,6735.4502,6083.8501,6245.6001,53365000
20-08-2007 09:15,6358.0498,6567.6001,6058.3501,6176.5498,72998000
27-08-2007 09:15,6278.5,6714.3999,6278.5,6683.0498,73038000
03-09-2007 09:15,6712.6001,6922.6001,6673.75,6842.9502,45564000
10-09-2007 09:15,6787.6499,7062.8999,6740.7002,6912.1499,44488000
17-09-2007 09:15,6898,7506.3501,6843,7464.5,53446000
24-09-2007 09:15,7514.3999,8082.8501,7490.2002,8042.2002,62490000
01-10-2007 09:15,8008.5498,8235.7998,7789.7002,7845.25,53136000
08-10-2007 09:15,7853.1499,8177.75,7516.4502,7934,52327000
15-10-2007 09:15,7962.5498,8491.6504,7279.2998,7423.7998,71665000
22-10-2007 09:15,7374.3501,8804.9004,7289.2002,8749.9004,81620000
29-10-2007 09:15,8918.0498,9610.7002,8832.5,9560.7002,99625000
05-11-2007 09:15,9549.7998,9692.5,8671.4004,8760.75,52770000
12-11-2007 09:15,8596.1504,9651.8496,8429.3496,9474.1504,59121000
19-11-2007 09:15,9541.0996,9595.4502,8650,8977.9004,58110000
26-11-2007 09:15,9136.0498,9437.9502,8938.0996,9375.75,48402000
03-12-2007 09:15,9391.2002,9804.5498,9341.0498,9796.0996,54062000
10-12-2007 09:15,9800.2002,10124.75,9723.5996,9803.1504,54340000
17-12-2007 09:15,9790.5498,9792.1504,9125.4502,9245.4502,30003000
24-12-2007 09:15,9316.4502,9842.6504,9316.4502,9828.3496,27987000
31-12-2007 09:15,9861.7002,10333.3,9790.4004,10233.2,43282000
07-01-2008 09:15,9983.0996,10634.2,9948.3496,10561.55,73751000
14-01-2008 09:15,10614.85,10774.15,9648.4502,9739.9004,81528000
21-01-2008 09:15,9671.4004,9827.2998,7958.9502,9752.25,86520000
28-01-2008 09:15,9748.3496,10113.35,9002.2002,9327.0498,63329000
04-02-2008 09:15,9444.4004,9708.5996,8624.75,8817,48100000
11-02-2008 09:15,8841.2002,9403.7002,8216.9004,9380.0498,48908000
18-02-2008 09:15,9411.25,9538.7002,8642,8685.0996,44602000
25-02-2008 09:15,8715.7998,8903.4502,8248.75,8688.3496,57532000
03-03-2008 09:15,8460.5996,8460.5996,7064.5,7268.1499,83096000
10-03-2008 09:15,7163.5,7705.6499,6840.6499,7106,86757000
17-03-2008 09:15,6956,6956,6335,6456.5498,64051000
24-03-2008 09:15,6461.6499,7230.7998,6456.7998,7037.8501,104989000
31-03-2008 09:15,6970.5498,6970.5498,6446.7002,6545.1499,78138000
07-04-2008 09:15,6485.3999,7094.8501,6485.3999,6838.4502,77018000
15-04-2008 09:15,6773.2998,7213.7998,6687.8999,7165.0498,47150000
21-04-2008 09:15,7174.4502,7651.3999,7117.6499,7616.2998,78283000
28-04-2008 09:15,7643.3501,7900.8501,7567.8501,7871.8999,71403000
05-05-2008 09:15,7879.6499,7990.4502,7267.8999,7299,75138000
12-05-2008 09:15,7330.5498,7666.8999,7276.5,7644.6001,65167000
20-05-2008 09:15,7616.8501,7616.8501,6994.8999,7009.0498,52913000
26-05-2008 09:15,6899.8999,6925.3999,6502.4502,6584.3501,88523000
02-06-2008 09:15,6577.2998,6677.1499,5974.1001,6140.0498,78737000
09-06-2008 09:15,5960.8999,6092.2998,5702.5,5993.1499,79479000
16-06-2008 09:15,6030.6001,6455.2002,5731.25,5758.6001,82784000
23-06-2008 09:15,5686.5498,5737.0498,5183.2002,5210.8999,98241000
30-06-2008 09:15,5214.1001,5214.1001,4633.9502,4990.8999,118702000
07-07-2008 09:15,5009.1001,5404.6499,4843.6001,5240.7002,97984000
14-07-2008 09:15,5179.9502,5418.3999,4676.4502,5389.1499,117156000
21-07-2008 09:15,5448.2002,6468.3999,5406.2998,5917.25,138112000
28-07-2008 09:15,5900.2998,5989.4502,5394.9502,5961.8999,137990000
04-08-2008 09:15,5932.4502,6725.7002,5888.8501,6447.5,167060000
11-08-2008 09:15,6574.5,6754.4502,6010.0498,6030.0498,103816000
18-08-2008 09:15,5999.1499,6114.1499,5649.8999,5776.0498,96267000
25-08-2008 09:15,5897.2002,6112.25,5686.6001,6102.0498,102321000
01-09-2008 09:15,6070.8999,6624,5941.4502,6288.6001,135622000
08-09-2008 09:15,6608,6631.9502,6168.7998,6194.1499,139704000
15-09-2008 09:15,6006.7002,6357.2002,5551.7002,6312.0498,195853000
22-09-2008 09:15,6396.2002,6396.2002,5797.5,5828.6001,140205000
29-09-2008 09:15,5863.0498,6040.1499,5296.6001,5793.3501,158055000
06-10-2008 09:15,5702.8501,5798.8999,4662.2002,4938,168905000
13-10-2008 09:15,5034.6499,5799,5034.6499,5183.5498,211388000
20-10-2008 09:15,5237.6001,5478.3999,4229.6499,4310.0498,180958000
27-10-2008 09:15,4280.5498,4621.6499,3799.3501,4521.7002,114356000
03-11-2008 09:15,4791.7998,5431.8999,4779.6001,5043.5498,176583000
10-11-2008 09:15,5097.8501,5274.8501,4668.0498,4719.3999,111940000
17-11-2008 09:15,4736.25,4736.25,3972.1499,4300.7002,169934000
24-11-2008 09:15,4274.2998,4355.6001,4005.3501,4291.1499,132183000
01-12-2008 09:15,4317.7998,4611.4502,3919,4357,169712000
08-12-2008 09:15,4502.0498,4687.5,4407.2002,4655.2998,104219000
15-12-2008 09:15,4714.9502,5226.8501,4677.2998,5144.1499,153956000
22-12-2008 09:15,5119.25,5213.2998,4770.2002,4789.4502,86249000
29-12-2008 09:15,4774.7002,5258.6499,4684.7998,5195.1001,98796000
05-01-2009 09:15,5273.4502,5448.7998,4840,4906.7002,127504000
12-01-2009 09:15,4862,4881.5,4442.7002,4581.25,120143000
19-01-2009 09:15,4585.7002,4622,4049.8999,4082.1499,131485000
27-01-2009 09:15,4167.6499,4487.8501,4111.2998,4456.5498,124911000
02-02-2009 09:15,4403.8999,4405.3501,4191.1001,4334.1499,91949000
09-02-2009 09:15,4365.5498,4602.1499,4365.5498,4565.8501,86329000
16-02-2009 09:15,4538.6001,4551.75,3912.3501,3934.3999,129355000
24-02-2009 09:15,3923.8501,3976.05,3758.3999,3892.3999,128583000
02-03-2009 09:15,3831.25,3831.25,3338.8,3455.3501,249870000
09-03-2009 09:15,3424.3501,3646.6499,3314.55,3632.75,137628000
16-03-2009 09:15,3651.3,3802.1001,3615.6001,3691.7,219607000
23-03-2009 09:15,3763.75,4423.6499,3743,4406.7998,245984000
30-03-2009 09:15,4368.0498,4489.8501,3871.45,4426.0498,215858000
06-04-2009 09:15,4501.25,4639.5,4259.6499,4584.7998,150556000
13-04-2009 09:15,4661.9502,5193.2998,4661.9502,5056.8999,192392000
20-04-2009 09:15,5107,5201.8999,4725.7002,5125.3501,200041000
27-04-2009 09:15,5042,5288.7002,4909.3999,5130.9502,154218000
04-05-2009 09:15,5291.25,5649.3999,5291.25,5409.75,233792000
11-05-2009 09:15,5463.6001,5719.4502,5313.1499,5695.0498,207694000
18-05-2009 09:15,6304.25,7567.8999,6304.25,7036.2998,215631000
25-05-2009 09:15,7033.7002,7496.75,6813.1001,7416,152108000
01-06-2009 09:15,7559.2998,7559.2998,7111.9502,7343.2998,178349000
08-06-2009 09:15,7322.1001,7402,6909.5,7083.1001,186950000
15-06-2009 09:15,7013.5498,7339.25,6967,7223.5498,196256000
22-06-2009 09:15,7261.5,7417.5,6989.1001,7398.4502,175129000
29-06-2009 09:15,7446.4502,7626.9502,7270.2998,7566.0498,140092000
06-07-2009 09:15,7566.0498,7711.3999,6469,6520.6001,161215000
13-07-2009 09:15,6456.8999,7253.2998,6393.5,7231.0498,154109000
20-07-2009 09:15,7273.9502,7614.75,7239.3999,7385.5498,156214000
27-07-2009 09:15,7441.6001,7611.7002,7092.0498,7544.5,154483000
03-08-2009 09:15,7564.0498,7720.3501,7226.7002,7249.5,130274000
10-08-2009 09:15,7363.6001,7502.9502,6988.5498,7418.9502,120751000
17-08-2009 09:15,7311.8999,7404.7002,6998.7998,7377.1001,95751000
24-08-2009 09:15,7472.6001,7536.1001,7366,7482.3999,89518000
31-08-2009 09:15,7382,7577.3999,7292.7002,7444.1499,93189000
07-09-2009 09:15,7503.1499,7944.6499,7495.3999,7914.9502,121118000
14-09-2009 09:15,7879.4502,8495.9502,7877.9502,8379.25,181728000
22-09-2009 09:15,8377.7998,8584.2002,8341.0996,8456.25,113999000
29-09-2009 09:15,8490.4004,8911.75,8465.9004,8861.0498,104608000
05-10-2009 09:15,8765.9004,8971.5,8555,8696.7998,145949000
12-10-2009 09:15,8720.7002,9555.9004,8698.5498,9526.7002,109391000
20-10-2009 09:15,9548.0498,9630.3496,9057.0996,9188.4004,76691000
26-10-2009 09:15,9193.2002,9225.2002,8370.1504,8438.5996,197674000
03-11-2009 09:15,8372.0996,8780,8207.75,8723.75,105465000
09-11-2009 09:15,8750.7002,9355.4004,8750.7002,9155.6504,121087000
16-11-2009 09:15,9201.8496,9339.0996,8890.0996,9219.0498,80417000
23-11-2009 09:15,9256.75,9340.75,8591.75,8945.0498,97716000
30-11-2009 09:15,9121.7002,9435.9004,8989,9245.0498,104722000
07-12-2009 09:15,9257.5996,9309.75,9054.75,9097.2002,93925000
14-12-2009 09:15,9072.8496,9131.5498,8577.7002,8599.9502,103963000
21-12-2009 09:15,8601,9012.4502,8560.1504,8968.0996,60194000
29-12-2009 09:15,8990.3496,9093.6504,8937.2998,9029.5,36438000
04-01-2010 09:15,9031.9004,9265.5498,9031.9004,9160.7002,66703000
11-01-2010 09:15,9209.1504,9248,8836.7002,8911.0996,95602000
18-01-2010 09:15,8887.1504,9202.5,8659.9004,8772.6504,89352000
25-01-2010 09:15,8724.7998,8751.2002,8294.5996,8651.5498,111508000
01-02-2010 09:15,8597.4502,8718.6504,8150.4502,8223.25,93638000
08-02-2010 09:15,8279.75,8451.9502,8160.9502,8381.4004,54568000
15-02-2010 09:15,8441.5996,8602,8282.0498,8487.0996,65641000
22-02-2010 09:15,8565.2998,8851.3496,8453.4004,8722.75,77078000
02-03-2010 09:15,8826.9004,9095.2998,8826.9004,9038.4502,70428000
08-03-2010 09:15,9102.1504,9230,9073.5,9172.9004,78629000
15-03-2010 09:15,9118.2002,9294.0996,8986.75,9270.7998,63518000
22-03-2010 09:15,9171.2002,9473.2002,9066.7002,9456.2002,66607000
29-03-2010 09:15,9452.0996,9587.6504,9440.3496,9507.75,51848000
05-04-2010 09:15,9593.5498,9793.2002,9492.2998,9656.5,84180000
12-04-2010 09:15,9661.2002,9667.4004,9266.1504,9353.75,54123000
19-04-2010 09:15,9273.8496,9824.9502,9206,9813.2998,91244000
26-04-2010 09:15,9890.7998,9923.1504,9603.5,9870.3496,83391000
03-05-2010 09:15,9809.4004,9863.4502,9239.7998,9276.0996,75670000
10-05-2010 09:15,9419.5,9849.0498,9402.0498,9589.0498,80067000
17-05-2010 09:15,9485.3496,9572.0498,8969.2002,9135.7002,87758000
24-05-2010 09:15,9524.5,9524.5,8806.6504,9312.5996,76924000
31-05-2010 09:15,9305.5498,9490.9502,9083.6504,9455.9502,64891000
07-06-2010 09:15,9221.7998,9463.0498,9143.5,9451.75,63559000
14-06-2010 09:15,9496.3496,9636.7998,9422.9502,9576.25,68145000
21-06-2010 09:15,9626.4004,9793.1504,9429.7002,9451.0996,80464000
28-06-2010 09:15,9456.0996,9551.9004,9301.4004,9357.1504,60633000
05-07-2010 09:15,9335.4502,9726.5,9312.0996,9713.7002,51739000
12-07-2010 09:15,9745.9004,10061.95,9737.6504,10013.45,68628000
19-07-2010 09:15,10001.9,10120.6,9914.8496,10093.9,74050000
26-07-2010 09:15,10108.9,10243.9,9951.5498,10161,74824000
02-08-2010 09:15,10258.35,10542.9,10255.4,10383.65,77300000
09-08-2010 09:15,10407.55,10782.2,10308.15,10737.35,76490000
16-08-2010 09:15,10732.05,11126.95,10645.45,11033.75,93458000
23-08-2010 09:15,11024.5,11125.8,10681.6,10727.45,67400000
30-08-2010 09:15,10834.4,11017.15,10653.3,10991.2,55476000
06-09-2010 09:15,11033.6,11468.75,11033.6,11446.7,68876000
13-09-2010 09:15,11489.5,12236.85,11489.5,12104.1,126394000
20-09-2010 09:15,12109.05,12340,12067.4,12263.55,103441000
27-09-2010 09:15,12323.45,12579.95,12163.35,12556.75,84902000
04-10-2010 09:15,12605.45,12738.5,12414.8,12473.4,80307000
11-10-2010 09:15,12514.9,12827.35,12324.4,12346.45,75208000
18-10-2010 09:15,12451.55,12535.85,12139.9,12384.8,110187000
25-10-2010 09:15,12423.35,12580.5,11955.55,12330.75,135126000
01-11-2010 09:15,12485.5,13303.6,12485.5,13268.7,85046000
08-11-2010 09:15,13288.05,13301.45,12428.8,12457.3,98800000
15-11-2010 09:15,12467.5,12826.9,12013.65,12062.95,107920000
22-11-2010 09:15,12120.8,12414.55,11362.9,11668.85,165193000
29-11-2010 09:15,11731.35,12535.85,11707.85,12349.2,126226000
06-12-2010 09:15,12427.95,12429.45,10977.9,11447,152208000
13-12-2010 09:15,11527.35,11623.7,11147.45,11424.15,85333000
20-12-2010 09:15,11401.05,11634.65,11237.2,11477.05,69225000
27-12-2010 09:15,11491.4,11828.4,11392.9,11791.45,52507000
03-01-2011 09:15,11882.1,11912.15,11007.9,11053.35,89379000
10-01-2011 09:15,11024.5,11161.15,10387.9,10432.9,106558000
17-01-2011 09:15,10459.6,10923.7,10373.8,10889.4,91206000
24-01-2011 09:15,10923.75,11256.95,10481.1,10578.25,116921000
31-01-2011 09:15,10444.35,10772.45,10385.9,10433.85,90417000
07-02-2011 09:15,10457.8,10509.8,10017.85,10447.75,91713000
14-02-2011 09:15,10477.85,11300.45,10477.85,10949.7,92185000
21-02-2011 09:15,10935.3,11070.35,10169,10435.85,87099000
28-02-2011 09:15,10512.2,11134.1,10364.35,10963.4,77145000
07-03-2011 09:15,10886.1,11054,10658.3,10740.95,57551000
14-03-2011 09:15,10730.4,11018.3,10591.3,10715.9,70352000
21-03-2011 09:15,10795.65,11420.4,10661.15,11387.3,65067000
28-03-2011 09:15,11348.85,11898.4,11348.15,11590.95,96661000
04-04-2011 09:15,11614.45,11861.15,11614.45,11673.25,69753000
11-04-2011 09:15,11591,11950.7,11490.55,11735.65,45589000
18-04-2011 09:15,11754.2,11926.05,11482.15,11894.75,64912000
25-04-2011 09:15,11860.35,11978.05,11406.85,11483.75,84064000
02-05-2011 09:15,11509.3,11543.35,10677.3,11145.1,121369000
09-05-2011 09:15,11194.45,11213.5,10838.15,11020.95,60962000
16-05-2011 09:15,10975.15,10975.15,10524.35,10664.1,72377000
23-05-2011 09:15,10612.55,10735.2,10339.95,10722.65,83635000
30-05-2011 09:15,10742,11056.4,10715.1,10782,62431000
06-06-2011 09:15,10734.25,10918.25,10627.6,10714.25,43174000
13-06-2011 09:15,10675.3,10830.4,10502.4,10598.25,58012000
20-06-2011 09:15,10592.65,10875.25,10340.4,10854.5,56698000
27-06-2011 09:15,10808.9,11359.95,10774.1,11255,76131000
04-07-2011 09:15,11379.05,11451.25,11232.15,11285.15,53251000
11-07-2011 09:15,11275,11385.35,10941.3,11234.55,56535000
18-07-2011 09:15,11234.7,11388.5,11021.7,11291.95,63197000
25-07-2011 09:15,11286.25,11433.1,10758.4,10893.65,100529000
01-08-2011 09:15,11014.15,11064.9,10150.3,10354.5,73679000
08-08-2011 09:15,10121.4,10516.9,9920.7998,10182.7,90595000
16-08-2011 09:15,10315.1,10315.1,9280.25,9404.8496,86986000
22-08-2011 09:15,9422.6504,9561.9004,8917.9502,8974.5498,101516000
29-08-2011 09:15,9099.8496,9707.4502,9099.8496,9581.3496,53831000
05-09-2011 09:15,9509,9972,9364.5996,9678.7002,93356000
12-09-2011 09:15,9550.9502,9798.75,9260.9004,9720.25,90561000
19-09-2011 09:15,9664.3496,9962.9502,9284.6504,9375.7002,82919000
26-09-2011 09:15,9373.9502,9688.6504,9165.7998,9468.2998,94868000
03-10-2011 09:15,9332.5996,9332.5996,8626.4502,9038.25,90940000
10-10-2011 09:15,9051,9691.8496,8982.9004,9660.4004,100161000
17-10-2011 09:15,9717.3496,9865.8496,9492.9502,9695.3496,69882000
24-10-2011 09:15,9819.5,9932.4004,9323,9917.0498,107249000
31-10-2011 09:15,9932,10080.05,9648.6504,9836.3496,93767000
08-11-2011 09:15,9855.9502,9896.1504,9270.3496,9292.5498,65665000
14-11-2011 09:15,9416.3496,9458.3496,8706,8850.25,90846000
21-11-2011 09:15,8806.7002,8806.7002,8240.4502,8488.5996,112234000
28-11-2011 09:15,8598.7002,9200.6504,8490.3496,9172.75,144654000
05-12-2011 09:15,9154.9004,9273.0996,8689.8496,8811.0996,81234000
12-12-2011 09:15,8900.9004,8920.25,8127.2002,8171.8999,125682000
19-12-2011 09:15,8122.25,8451.9502,7766.3501,8296.4502,128376000
26-12-2011 09:15,8301.3496,8420.2002,7925.1499,7968.6499,72350000
02-01-2012 09:15,8009.8501,8586.6504,7888.25,8488.25,77875000
09-01-2012 09:15,8450.4004,9073,8329.9004,8975.0498,91597000
16-01-2012 09:15,8913.25,9560.1504,8813.8496,9516.8496,98985000
23-01-2012 09:15,9503.0996,9969.25,9456.25,9813.6504,127082000
30-01-2012 09:15,9741.25,10158.95,9509.1504,10133.65,132417000
06-02-2012 09:15,10219.6,10555,10183.45,10442.65,137544000
13-02-2012 09:15,10451.1,11203.35,10335.7,11074.9,117323000
21-02-2012 09:15,11042.6,11226.75,10435.55,10506.8,104796000
27-02-2012 09:15,10527.65,10667.3,10073.9,10434.3,122819000
05-03-2012 09:15,10406.85,10526.55,9939.9502,10505.65,83123000
12-03-2012 09:15,10765.95,10912.05,10348.05,10391.35,105620000
19-03-2012 09:15,10440.85,10583.75,10125.75,10294.55,86640000
26-03-2012 09:15,10260.2,10263.1,9845.4004,10212.75,121755000
02-04-2012 09:15,10186.8,10502.7,10180.95,10340.1,37567000
09-04-2012 09:15,10256.65,10587.95,10060.7,10306.25,77654000
16-04-2012 09:15,10274.15,10645.85,10248.55,10456.5,92299000
23-04-2012 09:15,10432.6,10521.45,10029.45,10148.7,106534000
30-04-2012 09:15,10210.1,10382.35,9757.75,9802.3496,76968000
07-05-2012 09:15,9664.8496,9924.1504,9296.6504,9398.0996,116593000
14-05-2012 09:15,9412.5996,9498.7998,8995.25,9310.25,109099000
21-05-2012 09:15,9299.9004,9522.2998,9157.2002,9456.2998,91503000
28-05-2012 09:15,9483.0996,9783.4502,9252.5996,9267.5996,99360000
04-06-2012 09:15,9174.5498,10031.2,9110.4502,9998.8496,102303000
11-06-2012 09:15,10070.15,10224.55,9813.6504,10064.8,87961000
18-06-2012 09:15,10178.85,10197.8,9619.1504,10038.35,92946000
25-06-2012 09:15,10068.9,10360,9892.7998,10340.65,115478000
02-07-2012 09:15,10366.5,10687.9,10303.65,10655.35,90682000
09-07-2012 09:15,10594.95,10782.55,10524.75,10594.45,82032000
16-07-2012 09:15,10614.1,10708.6,10463.4,10481.6,74803000
23-07-2012 09:15,10401.7,10402.25,10056.15,10140.55,105942000
30-07-2012 09:15,10222.55,10467.95,10209.15,10315.6,98813000
06-08-2012 09:15,10426.75,10640.75,10272.05,10358.95,96697000
13-08-2012 09:15,10339.2,10551.05,10284.05,10417.9,65505000
21-08-2012 09:15,10436.85,10560.85,10318.55,10332.85,58827000
27-08-2012 09:15,10338.25,10338.25,9948.7002,9990.5,90966000
03-09-2012 09:15,10030.85,10134.75,9814.0498,10122,87378000
10-09-2012 09:15,10153.8,10664.55,10006.5,10642.9,91734000
17-09-2012 09:15,10797.1,11433.1,10797.1,11358.5,141988000
24-09-2012 09:15,11359.3,11536.85,11321.2,11456.8,130716000
01-10-2012 09:15,11462.1,11745.2,11361.65,11511.4,76925000
08-10-2012 09:15,11530.65,11530.65,11244.7,11388.45,80874000
15-10-2012 09:15,11397.7,11605.65,11288.4,11491.2,76819000
22-10-2012 09:15,11422.1,11656.8,11419.4,11509.15,81527000
29-10-2012 09:15,11506.5,11600.05,11125.2,11460.45,99236000
05-11-2012 09:15,11449.7,11719.1,11401.3,11475.6,80440000
12-11-2012 09:15,11488.1,11608.8,11306.05,11335.5,45297000
19-11-2012 09:15,11342.65,11570.85,11256.4,11475.8,66442000
26-11-2012 09:15,11534.2,12175.3,11411.1,12158.9,89361000
03-12-2012 09:15,12126.6,12480.6,12053.45,12363.7,85512000
10-12-2012 09:15,12380,12538.9,12238,12424.7,87925000
17-12-2012 09:15,12403.65,12571.6,12197.2,12315.05,91316000
24-12-2012 09:15,12363.85,12523.5,12265.75,12458.15,52711000
31-12-2012 09:15,12442.85,12837.8,12427.7,12787.35,74663000
07-01-2013 09:15,12837.45,12837.45,12582.65,12617.85,86574000
14-01-2013 09:15,12622.05,12908.2,12583.35,12680,106128000
21-01-2013 09:15,12678,12748.95,12509.45,12693.25,81004000
28-01-2013 09:15,12705.8,12960.65,12580.85,12606.25,153056000
04-02-2013 09:15,12656.85,12723.3,12245.95,12280.15,98724000
11-02-2013 09:15,12298.1,12485.95,12256.8,12336.55,91811000
18-02-2013 09:15,12353,12470.7,12024.4,12068.95,62349000
25-02-2013 09:15,12119.95,12137.85,11401.2,11540.05,109393000
04-03-2013 09:15,11515.4,12219.45,11453.1,12197.25,86778000
11-03-2013 09:15,12221.5,12241.3,11555.45,11816.55,97655000
18-03-2013 09:15,11679.35,11814.75,11173.35,11204.05,119812000
25-03-2013 09:15,11327.4,11413.25,11048.4,11361.85,64518000
01-04-2013 09:15,11414.95,11590.6,11021.4,11098.95,80944000
08-04-2013 09:15,11075.85,11442.9,10888.75,11410.1,99501000
15-04-2013 09:15,11357.95,12313,11334.75,12288.25,95538000
22-04-2013 09:15,12317.4,12755.8,12317.4,12533.15,98357000
29-04-2013 09:15,12560.35,12783.3,12364.7,12393.6,80840000
06-05-2013 09:15,12358.35,12783.05,12188.3,12752.3,93622000
13-05-2013 09:15,12760.45,13355.1,12516.1,13317.1,100415000
20-05-2013 09:15,13332.7,13414.3,12582.5,12769.35,86075000
27-05-2013 09:15,12751.5,13016.45,12453.15,12475.65,88115000
03-06-2013 09:15,12453.4,12520.55,12184.05,12231.5,74409000
10-06-2013 09:15,12292.65,12363.8,11656.9,11922.85,91688000
17-06-2013 09:15,11928.3,11992.95,11210.75,11340.15,99157000
24-06-2013 09:15,11272.2,11654.7,11033.75,11617.25,123109000
01-07-2013 09:15,11597.45,11752.9,11273.6,11434.3,92419000
08-07-2013 09:15,11328.2,11743.25,11176.65,11722.8,83815000
15-07-2013 09:15,11678.9,11811.9,10829.75,10973.9,161769000
22-07-2013 09:15,10948.4,11285.8,10352.95,10465.25,184819000
29-07-2013 09:15,10451.85,10451.85,9863.0498,9997.7998,214547000
05-08-2013 09:15,10031.3,10117.65,9660.2998,9816.4004,146421000
12-08-2013 09:15,9849.8496,10071.25,9420.1504,9450.8496,172639000
19-08-2013 09:15,9425.5,9766.0996,8860.1504,9470.0996,321819000
26-08-2013 09:15,9529.7002,9586.6504,8366.75,9049.2002,298255000
02-09-2013 09:15,9112.7998,9989.8496,8605.6504,9961.4004,296491000
10-09-2013 09:15,10084,10409.15,9980.5,10180.45,222731000
16-09-2013 09:15,10418.5,11219.45,10175.05,10686.8,300593000
23-09-2013 09:15,10466.3,10509.55,9883.9502,9899.75,237531000
30-09-2013 09:15,9783.9004,10328.75,9582.75,10197.15,161055000
07-10-2013 09:15,10124.15,10649.3,9877.4502,10622.15,187064000
14-10-2013 09:15,10588.95,10784,10274.35,10744.9,154994000
21-10-2013 09:15,10751.7,11091.6,10700.55,10896.5,202967000
28-10-2013 09:15,10924.45,11694.45,10669,11628.65,285688998
05-11-2013 09:15,11539.75,11736.2,10841.6,10913.15,179782000
11-11-2013 09:15,10786.25,10940.5,10412.05,10811.2,173071000
18-11-2013 09:15,10962.25,11207.7,10630.55,10677.35,175573000
25-11-2013 09:15,10780.6,11186.15,10780.6,11153.95,195417000
02-12-2013 09:15,11180.3,11770.65,11107.75,11720.2,172397000
09-12-2013 09:15,12206.95,12225.95,11349.85,11366.9,167383000
16-12-2013 09:15,11347.2,11572.3,11040.15,11292.35,157322000
23-12-2013 09:15,11258.65,11514.45,11258.65,11459.7,102398000
30-12-2013 09:15,11532.6,11578.9,11052.6,11181.65,115473000
06-01-2014 09:15,11174.35,11174.35,10788.2,10805.3,149455000
13-01-2014 09:15,10814.65,11192.8,10814.65,10911.35,136955000
20-01-2014 09:15,10909.9,11248.35,10876.25,10982.4,108828000
27-01-2014 09:15,10802.3,10802.3,10101.2,10237.75,203785000
03-02-2014 09:15,10205.45,10321.5,9944,10263.2,151515000
10-02-2014 09:15,10287.35,10395.15,10064.75,10203.75,111393000
17-02-2014 09:15,10217.15,10630.15,10205.8,10554.35,106932000
24-02-2014 09:15,10508.95,10793.6,10471.45,10764.7,83705000
03-03-2014 09:15,10705.45,11947.5,10613,11884.75,214769000
10-03-2014 09:15,11784.55,12308.7,11784.55,12055.85,218025000
18-03-2014 09:15,12093.2,12268.75,11989.95,12092.35,127691000
24-03-2014 09:15,12134.65,12787.5,12134.65,12754.7,196180000
31-03-2014 09:15,12855.5,12869.35,12430.85,12551.7,183819000
07-04-2014 09:15,12562.35,13055.6,12439.55,12840.2,130984000
15-04-2014 09:15,12830.5,12831.6,12514.75,12787.25,90326000
21-04-2014 09:15,12845.3,13268.6,12838.85,13034.5,144580000
28-04-2014 09:15,13038.95,13124.3,12738.6,12842,118263000
05-05-2014 09:15,12841.4,13814.25,12773.05,13750.5,157548000
12-05-2014 09:15,13801,15742.05,13801,14853,321260000
19-05-2014 09:15,15032,15362.55,14857.5,15285.5,232791000
26-05-2014 09:15,15431.95,15568.05,14709.3,14793.4,198449000
02-06-2014 09:15,14786.45,15576.05,14770,15543.15,176767000
09-06-2014 09:15,15625.4,15725.8,15083.9,15106.9,172433000
16-06-2014 09:15,15055.2,15461.55,14858.9,14997.65,153181000
23-06-2014 09:15,15014.2,15341.95,14940.35,14992.35,134999000
30-06-2014 09:15,15059.1,15582.65,15059.1,15556.15,121327000
07-07-2014 09:15,15589.5,15592.8,14406.65,14447.2,171410000
14-07-2014 09:15,14508.1,15463.15,14338.65,15389.35,156964000
21-07-2014 09:15,15510,15626.9,15272.45,15322.25,134980000
28-07-2014 09:15,15399.5,15499.5,15096.1,15127.8,127438000
04-08-2014 09:15,15242.25,15343.5,14709.1,14765.75,120747000
11-08-2014 09:15,14858.75,15144.75,14807,15089.65,92558000
18-08-2014 09:15,15099.7,15865.3,15068.35,15819.15,146811000
25-08-2014 09:15,15817.55,15973.35,15503.4,15740.4,88974000
01-09-2014 09:15,15790.25,16208.55,15790.25,15982.5,123849000
08-09-2014 09:15,16084.2,16309.7,16049.25,16254.15,111238000
15-09-2014 09:15,16158.65,16239.7,15770.8,16152.15,123386000
22-09-2014 09:15,16052.55,16272.35,15168.4,15607.25,147979000
29-09-2014 09:15,15636.45,15636.45,15270.95,15316.2,69450000
07-10-2014 09:15,15214.25,15795.65,15130.35,15453.8,92403000
13-10-2014 09:15,15360.7,15973.5,15301.65,15929.8,120476000
20-10-2014 09:15,16259.7,16572.5,16157.05,16470.051,94364000
27-10-2014 09:15,16538.9,17060.15,16470.85,17045.051,122106000
03-11-2014 09:15,17087,17425.199,16934.85,17347.051,82372000
10-11-2014 09:15,17364.65,17651,17203,17576.801,118882000
17-11-2014 09:15,17571.699,18139.949,17469.25,18056.301,165328000
24-11-2014 09:15,18128.6,18615.4,17890.85,18513.15,241625000
01-12-2014 09:15,18586.949,18875.449,18301,18756.75,230188000
08-12-2014 09:15,18804.949,18804.949,18183.1,18299.75,203346000
15-12-2014 09:15,18176.699,18563.6,17502.449,18478.9,306526000
22-12-2014 09:15,18562.35,18923.6,18424,18557.199,164759000
29-12-2014 09:15,18589.6,19118.85,18428.1,19057.801,148972000
05-01-2015 09:15,19155.199,19166,18211.5,18637.25,246224000
12-01-2015 09:15,18632,19410.4,18517.9,19223.15,271842000
19-01-2015 09:15,19345.65,20167.65,19299.1,20072.699,277502000
27-01-2015 09:15,20179.801,20907.551,19732.449,19843.75,316992000
02-02-2015 09:15,19778.949,19991.4,18740.35,18786.699,423451000
09-02-2015 09:15,18650,19441,18226.9,19369.699,397960000
16-02-2015 09:15,19518.85,19532.699,18876.25,19073.551,222178000
23-02-2015 09:15,19199.15,19776.9,18489.6,19691.199,411559000
02-03-2015 09:15,19954.5,20541.65,19398.75,19748,313874000
09-03-2015 09:15,19545.25,19545.25,18737.35,18779.801,262309000
16-03-2015 09:15,18786.65,19373.449,18541.5,18606.35,269605000
23-03-2015 09:15,18695.051,18696.699,17719.35,18044.801,343223000
30-03-2015 09:15,18160.199,18668.85,18089.449,18617.85,154490000
06-04-2015 09:15,18702.6,18896.5,18351.801,18800.85,273429000
13-04-2015 09:15,18842.25,19038.5,18321.75,18345.551,223071000
20-04-2015 09:15,18386.25,18500.301,17798.65,18001.9,281716000
27-04-2015 09:15,18063.6,18431.9,17738.9,18338.1,296163000
04-05-2015 09:15,18417.5,18586.301,17246.551,17796.6,294200000
11-05-2015 09:15,17921.15,18260.301,17597.75,18183.15,358956000
18-05-2015 09:15,18274.6,18755.449,18213.75,18433.301,305473000
25-05-2015 09:15,18405.051,18751.199,18226,18721.35,271723000
01-06-2015 09:15,18721.15,18832.5,17469.65,17549.25,303992000
08-06-2015 09:15,17542.5,17821.9,17174.699,17523.551,301207000
15-06-2015 09:15,17499.35,17935.301,17293.449,17880.85,247656000
22-06-2015 09:15,17956.551,18539.15,17950.6,18371.5,308734000
29-06-2015 09:15,17962.5,18756.65,17821.9,18729.65,256222000
06-07-2015 09:15,18488.35,18980.65,18402.85,18719.801,238317000
13-07-2015 09:15,18753.801,19229.051,18657.6,19094.699,223001000
20-07-2015 09:15,19126.1,19149.051,18613.551,18635.85,243834000
27-07-2015 09:15,18566.551,18828.85,18174.199,18729.85,419572000
03-08-2015 09:15,18782.65,19103.699,18758.9,18893.551,366424000
10-08-2015 09:15,18926.1,19071.35,18034.75,18723.6,312824000
17-08-2015 09:15,18763.051,18896.449,17842.1,18057.199,422120000
24-08-2015 09:15,17446.35,17569.801,16670.551,17211.949,537502000
31-08-2015 09:15,17137.25,17353.301,15933.15,16129.1,400157000
07-09-2015 09:15,16222.2,16781.551,15762.2,16612.6,364282000
14-09-2015 09:15,16596.5,17602,16525.15,17409.15,270175000
21-09-2015 09:15,17186.051,17652.35,16759,17196.65,241719000
28-09-2015 09:15,17286.25,17461.35,16648.301,17150.199,284005000
05-10-2015 09:15,17373.551,17827.15,17362.699,17590.25,275817000
12-10-2015 09:15,17642.6,17947.75,17434.051,17912.85,223637000
19-10-2015 09:15,17911.65,17980.5,17565.35,17934.051,205443000
26-10-2015 09:15,18027.1,18029.051,17170.35,17354.5,341527000
02-11-2015 09:15,17351.449,17466.199,16911.6,17086.5,300996000
09-11-2015 09:15,16667.9,17069,16587.25,16932.85,188588000
16-11-2015 09:15,16881.65,17302.551,16787.551,17055.6,248098000
23-11-2015 09:15,17120.25,17403.65,16964.9,17370.949,230098000
30-11-2015 09:15,17336.25,17498.35,16880.35,16897.301,228130000
07-12-2015 09:15,17018,17031.85,16260.1,16342.5,249525000
14-12-2015 09:15,16212.4,16771.801,16188.05,16594.301,325307000
21-12-2015 09:15,16593.4,16946.1,16580.65,16811,162982000
28-12-2015 09:15,16843.4,17067.449,16824.051,17039.25,206776000
04-01-2016 09:15,16966.35,16966.35,16049.75,16142.65,290907000
11-01-2016 09:15,15979.05,16156.8,15154.35,15206.3,459865000
18-01-2016 09:15,15165.2,15575.65,14754.65,15497.55,496336000
25-01-2016 09:15,15667,15682.65,15136.85,15522.4,357643000
01-02-2016 09:15,15547.75,15565.5,14761.4,15162.05,492293000
08-02-2016 09:15,15206.3,15367.9,13810.6,13971.5,655519016
15-02-2016 09:15,14120.9,14602.25,13892.1,14344.2,637385000
22-02-2016 09:15,14331.2,14467.15,13519.9,13791.45,451957000
29-02-2016 09:15,13818.9,15451.75,13407.25,15339.2,775554008
08-03-2016 09:15,15323.45,15354.15,14989.4,15168.2,344782000
14-03-2016 09:15,15309.05,15704.75,15178.3,15654.85,394301000
21-03-2016 09:15,15735.55,15967.85,15735.55,15887.75,196280000
28-03-2016 09:15,15867.75,16282.75,15522.2,16174.9,499252992
04-04-2016 09:15,16236.9,16278.5,15458.05,15568.35,394227000
11-04-2016 09:15,15623.35,16349.7,15440.25,16278.55,223368000
18-04-2016 09:15,16328.7,16769.551,16011.9,16703.4,415910992
25-04-2016 09:15,16746.949,17029.85,16527.551,16795,587333000
02-05-2016 09:15,16614,16719.4,16186.25,16296.6,472010000
09-05-2016 09:15,16357,16962,16357,16716.9,443378000
16-05-2016 09:15,16744.15,16903.35,16431.65,16481.449,518240000
23-05-2016 09:15,16560.15,17543.301,16368,17511.801,513658992
30-05-2016 09:15,17580.85,17762.051,17350.449,17680.801,479578000
06-06-2016 09:15,17710.449,18051.5,17636.9,17828.6,573894008
13-06-2016 09:15,17620.551,17943.65,17527.551,17696.051,511500000
20-06-2016 09:15,17425.801,17907.5,16946.35,17426.051,489370000
27-06-2016 09:15,17346.301,18074.949,17346.301,17985.65,412343000
04-07-2016 09:15,18091.75,18146.551,17910.9,18016.25,297284000
11-07-2016 09:15,18268.15,19016.1,18243.301,18953.65,525782000
18-07-2016 09:15,18998.301,19158,18551.301,18690.4,466938000
25-07-2016 09:15,18594.949,19126.75,18572.1,18953.15,581289000
01-08-2016 09:15,18896.5,19078.5,18443.65,18925.949,466999000
08-08-2016 09:15,18986.75,19028.699,18537.1,18963.699,520426992
16-08-2016 09:15,19029.1,19457.4,18839.4,19414.699,367671000
22-08-2016 09:15,19432.6,19493.199,19133.9,19195.75,362666000
29-08-2016 09:15,19174.449,19928.199,19096.699,19883.199,490712008
06-09-2016 09:15,19990.949,20575.801,19990.949,20245.301,468276000
12-09-2016 09:15,19861.449,20227.199,19730.25,19855.449,392423000
19-09-2016 09:15,19892.199,20264.801,19749.949,19901.801,382076000
26-09-2016 09:15,19792.199,19794.15,19059.051,19285.699,580760008
03-10-2016 09:15,19395.551,19816.5,19318,19400.1,408827000
10-10-2016 09:15,19489.5,19501.449,18824.4,19020.15,197855000
17-10-2016 09:15,19136.301,19744,19002.449,19710.9,460055000
24-10-2016 09:15,19763.85,19922.699,19252.1,19555.949,468769000
01-11-2016 09:15,19578.6,19591.65,18961.15,19058.1,278246000
07-11-2016 09:15,19317.85,20309.65,18143.699,19738.801,741617016
15-11-2016 09:15,19808.35,19861.75,18897.1,18959.051,529479000
21-11-2016 09:15,19063.801,19075.949,18215.801,18507.301,530908008
28-11-2016 09:15,18237.199,18713.1,18163.801,18247.65,424725000
05-12-2016 09:15,18245,18739.65,17952.6,18695.801,332996000
12-12-2016 09:15,18616.051,18616.051,18122.1,18312.801,329256000
19-12-2016 09:15,18258.1,18316.801,17819.75,17884,240867000
26-12-2016 09:15,17825.5,18245.75,17606.9,18177.199,291315000
02-01-2017 09:15,18242.301,18325.5,17830.949,18264,324262000
09-01-2017 09:15,18314.25,18966.301,18256.15,18912.1,327560000
16-01-2017 09:15,18899.699,19276.5,18793.051,18820.801,373725000
23-01-2017 09:15,18762,19794.949,18722.85,19708.301,467142000
30-01-2017 09:15,19718.801,20229.65,19435.449,20196.801,515108008
06-02-2017 09:15,20307.15,20462.449,20000.35,20213.9,519773000
13-02-2017 09:15,20273.65,21042.35,20088.199,20551.35,531542000
20-02-2017 09:15,20494.85,21011.9,20472.4,20876.65,328439000
27-02-2017 09:15,20853.449,20905,20423.35,20495.6,346925000
06-03-2017 09:15,20548.949,20876.949,20532.199,20727.551,280330000
14-03-2017 09:15,21189.85,21336.051,21059.699,21175.051,340171000
20-03-2017 09:15,21202.551,21202.551,20753.9,21122.551,392223000
27-03-2017 09:15,21178.1,21696,20979.551,21444.15,526410000
03-04-2017 09:15,21539.199,21699.301,21397,21431.15,335641000
10-04-2017 09:15,21492.051,21787.1,21396.051,21686.6,297361000
17-04-2017 09:15,21700.5,21947,21386.199,21551.449,393042000
24-04-2017 09:15,21591.9,22383,21578.65,22358.25,641699008
02-05-2017 09:15,22412.551,22853.551,22240.051,22604.949,753037008
08-05-2017 09:15,22678.449,22977.85,22578,22671.699,436261000
15-05-2017 09:15,22735.85,22978.15,22628.449,22769.801,574115000
22-05-2017 09:15,22874.801,23408.35,22469.801,23362.199,517572000
29-05-2017 09:15,23310.6,23469.449,23093.949,23375.9,458404008
05-06-2017 09:15,23397.4,23708.65,23349.949,23690.9,285971000
12-06-2017 09:15,23610.15,23630.1,23311.85,23502.75,360152000
19-06-2017 09:15,23571.35,23897.85,23507.5,23542.75,348615000
27-06-2017 09:15,23636.949,23640.1,22996.4,23211.199,414433000
03-07-2017 09:15,23240.35,23540.15,23144.301,23449.15,415073000
10-07-2017 09:15,23583.25,23964.801,23289.9,23937.699,335075000
17-07-2017 09:15,24011.4,24299.6,23913.65,24257.051,370525000
24-07-2017 09:15,24307.699,25032.25,24234.65,24811.301,536016992
31-07-2017 09:15,24880.6,25198.801,24591.801,24827.449,444267000
07-08-2017 09:15,24854.15,24979.35,23822.199,23985.75,446857992
14-08-2017 09:15,24051.051,24496.199,23925.949,24074.449,300782000
21-08-2017 09:15,24140.551,24411.051,23852.65,24274.199,281556000
28-08-2017 09:15,24351.25,24494.35,24103.301,24434,307279000
04-09-2017 09:15,24456.301,24459.35,24151.1,24370.801,276077000
11-09-2017 09:15,24468.5,24994.301,24458.25,24844.301,388362000
18-09-2017 09:15,24948.15,25105.35,24340,24368.85,376974000
25-09-2017 09:15,24361.551,24363.801,23611.1,24053,447694008
03-10-2017 09:15,24200.6,24242.051,24007.25,24190,279899000
09-10-2017 09:15,24209.551,24779.75,23978.4,24689.15,367383000
16-10-2017 09:15,24815.4,24878.65,23923.699,24009.75,394612000
23-10-2017 09:15,24085.449,25186.051,23912.551,24839.551,1734971008
30-10-2017 09:15,24873.65,25695.5,24808.551,25650.699,905539008
06-11-2017 09:15,25569,25695.75,25119.5,25498.949,687544000
13-11-2017 09:15,25570.25,25924.9,25166.35,25728.4,628765000
20-11-2017 09:15,25733.699,25871.1,25620.949,25779.65,426439000
27-11-2017 09:15,25693.051,25953.5,25152.65,25191.949,462645000
04-12-2017 09:15,25295.051,25367.699,24813.6,25321.15,368472000
11-12-2017 09:15,25434.75,25559.051,24888.65,25440.301,420699000
18-12-2017 09:15,25181.75,25780.051,24617.15,25648.551,497536008
26-12-2017 09:15,25659.75,25733.199,25417.4,25539.449,310301000
01-01-2018 09:15,25565.75,25643.35,25232.801,25601.85,418960000
08-01-2018 09:15,25690.25,25803.801,25527.5,25749.051,543974000
15-01-2018 09:15,25858.15,26957.85,25842.949,26909.5,892536016
22-01-2018 09:15,26940.5,27522.85,26841.199,27445.65,650875008
29-01-2018 09:15,27446.1,27652.051,26364.051,26451.15,613325992
05-02-2018 09:15,25968.15,26215.1,25023.85,25463.65,564479000
12-02-2018 09:15,25530.1,25810.25,25100.9,25163.9,928085024
19-02-2018 09:15,25324.6,25345.15,24781.699,25302.5,979399016
26-02-2018 09:15,25452,25723.551,24854.4,24902.551,926713984
05-03-2018 09:15,24831.35,25040.25,24048.551,24296.449,760819000
12-03-2018 09:15,24443.6,25009.65,24358.5,24489.551,930314992
19-03-2018 09:15,24530.15,24588.051,23605.6,23670.4,700589992
26-03-2018 09:15,23674.9,24496.949,23657.051,24263.35,556090000
02-04-2018 09:15,24235.65,24933.6,24062.949,24873.15,704187008
09-04-2018 09:15,24848.85,25411.301,24828,25200.6,666306000
16-04-2018 09:15,25082.1,25426.75,24839.301,24943.85,496243000
23-04-2018 09:15,25065.5,25441.5,24466.1,25394.6,657818000
30-04-2018 09:15,25490.15,25716.75,25464.801,25645.4,440242000
07-05-2018 09:15,25676.25,26437.25,25675.15,26413.15,711520992
14-05-2018 09:15,26404.449,26972.051,25839,25875.6,719841008
21-05-2018 09:15,26017.5,26325.551,25622.15,26273.551,678936992
28-05-2018 09:15,26291.65,27164.551,25980.85,26692.801,813231992
04-06-2018 09:15,27023.699,27047.551,26069.551,26451.35,636615000
11-06-2018 09:15,26473.199,26765.449,26344.949,26417.4,639752016
18-06-2018 09:15,26444.301,26806.551,26224.75,26766.85,568756000
25-06-2018 09:15,26718.15,26804.9,26161,26364.199,682382000
02-07-2018 09:15,26364.449,26609.85,26060.6,26493.85,574071000
09-07-2018 09:15,26642.35,27164.801,26611.551,26935.949,508227000
16-07-2018 09:15,26914.5,27187.15,26643.949,26873.199,730850000
23-07-2018 09:15,26701.301,27661.051,26671.35,27634.4,813867000
30-07-2018 09:15,27767.65,27873.699,27327.949,27695.5,930400976
06-08-2018 09:15,27769.551,28377.9,27766.051,28124.25,1122872000
13-08-2018 09:15,27760.801,28178.15,27739.5,28128.551,623646008
20-08-2018 09:15,28171.65,28325.449,27782.801,27834.699,623619992
27-08-2018 09:15,27971.25,28388.65,27940.949,28061.75,875593008
03-09-2018 09:15,28199.449,28203.199,27136.051,27481.449,689940992
10-09-2018 09:15,27395.199,27404.85,26555.15,27163.85,649807984
17-09-2018 09:15,27002.6,27002.6,25053.35,25596.9,1215539016
24-09-2018 09:15,25645.051,25649.699,24678.25,25119.85,1446931008
01-10-2018 09:15,24943.9,25470.051,24250.65,24443.449,1042000000
08-10-2018 09:15,24470.75,25484.199,24240.051,25395.85,1082259008
15-10-2018 09:15,25444,25915.35,24922.65,25085.801,756359008
22-10-2018 09:15,25484.25,25504.75,24353.1,24421,928123024
29-10-2018 09:15,24647.949,25856.25,24404.551,25701.65,1293620016
05-11-2018 09:15,25731.551,25860.75,25534.4,25771,496915000
12-11-2018 09:15,25816.15,26332.75,25384.551,26245.551,860221000
19-11-2018 09:15,26364.6,26379.1,25947.85,25999.449,675275024
26-11-2018 09:15,26096,27012.699,26025.051,26862.949,1306964016
03-12-2018 09:15,27032.9,27037.1,26149.449,26594.301,847584000
10-12-2018 09:15,26073.65,26951.449,25598.949,26826,1041657008
17-12-2018 09:15,26915.449,27369.1,26823.1,26869.65,861220992
24-12-2018 09:15,26877.051,27239.949,26408.15,27125.25,556654016
31-12-2018 09:15,27267.801,27430.551,26923.75,27195,717444008
07-01-2019 09:15,27378.65,27754.449,27161.949,27453.9,767212000
14-01-2019 09:15,27389.199,27611.551,27182.199,27456.699,899335992
21-01-2019 09:15,27514.551,27622.199,27045.199,27115.301,889631008
28-01-2019 09:15,27041.449,27533.051,26441.551,27085.949,1170564992
04-02-2019 09:15,26974,27589.75,26825.551,27294.4,826571008
11-02-2019 09:15,27240.5,27305.9,26635.25,26794.25,974477000
18-02-2019 09:15,26754.6,27100.9,26617.699,26867.551,805646000
25-02-2019 09:15,26934.199,27197.1,26719.4,27043.9,916943984
05-03-2019 09:15,27068.15,27815.5,26958.1,27761.801,735754000
11-03-2019 09:15,27840.1,29520.699,27791.25,29381.449,1022850992
18-03-2019 09:15,29521.6,30008.1,29361.65,29582.5,822781984
25-03-2019 09:15,29329.4,30499.15,29156.25,30426.801,1035574008
01-04-2019 09:15,30537.6,30648.1,29809.9,30084.65,967766992
08-04-2019 09:15,30201.5,30232.051,29640.25,29938.551,691019992
15-04-2019 09:15,29983.5,30669.801,29919.1,30223.4,350134000
22-04-2019 09:15,30282.5,30289.9,29435.051,30013.5,767368984
30-04-2019 09:15,29920.4,30121.75,29550.051,29954.15,786252016
06-05-2019 09:15,29626.5,29835.5,28784.65,29040.5,977778000
13-05-2019 09:15,29026.65,29559.449,28525.449,29450.15,1175522000
20-05-2019 09:15,30230.4,31705,30111.199,31212.551,1538803024
27-05-2019 09:15,31234.9,31783.6,30623.051,31375.4,1175476992
03-06-2019 09:15,31406.051,31752.699,30627.051,31066.551,830928000
10-06-2019 09:15,31259.199,31399.35,30508.949,30614.35,1137680016
17-06-2019 09:15,30652,30824.551,30220.699,30628.35,1211196000
24-06-2019 09:15,30680.949,31490.6,30451.4,31105.199,937130992
01-07-2019 09:15,31271,31660.75,31105.1,31475.801,1218469016
08-07-2019 09:15,31346.85,31370.4,30346.699,30601.449,1163882016
15-07-2019 09:15,30688.85,30799.699,29705.75,29770.35,1599296000
22-07-2019 09:15,29617.051,29635.15,28871,29325.301,1608048992
29-07-2019 09:15,29583.449,29592.949,27936.35,28204.949,1553462976
05-08-2019 09:15,27841.199,28602.75,27389.5,28431.9,1619193984
13-08-2019 09:15,28356.801,28358.85,27683.5,28217,900242976
19-08-2019 09:15,28331.25,28468.9,26560.6,26958.65,1839498016
26-08-2019 09:15,27663.949,28277.699,26859.35,27427.85,2094685024
03-09-2019 09:15,27239.199,27311.051,26641.35,27247.9,1281018000
09-09-2019 09:15,27240.35,28126.85,26993.9,28098.75,1569844000
16-09-2019 09:15,27868,29418.949,26643,28981.551,2114621024
23-09-2019 09:15,30039.4,30801.301,29470.1,29876.65,2258326016
30-09-2019 09:15,29674.801,29754.4,27653.699,27731.85,3326042048
07-10-2019 09:15,27909.9,28857.699,27568.35,28042.5,2069208032
14-10-2019 09:15,28238.5,29249.5,28043.25,29120.25,2361990976
21-10-2019 09:15,29416.25,29693.25,28923.801,29516.30078,2262197856
29-10-2019 09:15,29527.6,30415.65,29385.449,30330.551,2849539008
04-11-2019 09:15,30415.9,31108.4,30013.65,30749.4,2536555008
11-11-2019 09:15,30664.65,31205.199,30338.35,31008.4,1674545984
18-11-2019 09:15,31036.801,31471.65,30901.85,31111.6,1734596000
25-11-2019 09:15,31065.1,32157.051,31049.75,31946.1,2757658976
02-12-2019 09:15,32008.301,32126.949,31250.65,31341.551,2322968000
09-12-2019 09:15,31321.4,32105.051,30996.4,32014.25,2735426016
16-12-2019 09:15,32159,32443.35,31897.75,32384.949,1796972016
23-12-2019 09:15,32381,32502.801,31963.25,32412.35,1394507008
30-12-2019 09:15,32486.6,32613.1,31960.4,32069.25,1181275008
06-01-2020 09:15,31910.449,32347.199,30899.551,32097.4,1607776992
13-01-2020 09:15,32139.1,32322.65,31445.5,31590.65,1837915968
20-01-2020 09:15,31923.949,31923.949,30614,31241.75,1478729968
27-01-2020 09:15,31110.551,31227.051,29753,29820.9,1735917808
03-02-2020 09:15,29811.75,31470.65,29612.551,31201.949,1689707984
10-02-2020 09:15,31248.65,31649.449,30776.1,30834.801,1308938048
17-02-2020 09:15,30873.85,31085.301,30252.449,30942.85,1192686016
24-02-2020 09:15,30666.35,30702.15,29051.5,29147.15,1506012992
02-03-2020 09:15,29701,29791.15,27162.301,27801.449,3805277024
09-03-2020 09:15,27031.449,27091.6,21351.699,25166.449,3326238976
16-03-2020 09:15,24061.6,24074.15,18675.65,20317.6,2873273024
23-03-2020 09:15,18311.301,21462.4,16116.25,19969,2116200000
30-03-2020 09:15,19254.449,19716.25,17143.199,17249.301,1254192992
07-04-2020 09:15,18454.551,20324.1,17953.75,19913.6,1333851008
13-04-2020 09:15,19854.9,20866.551,18703.449,20681.449,1503391008
20-04-2020 09:15,21104.699,21122.1,19051.949,19586.65,1731037024
27-04-2020 09:15,19870.801,21967,19847.65,21534.5,1539777024
04-05-2020 09:15,20514.75,20530.449,18941,19352.9,1736384000
11-05-2020 09:15,19610.449,20122.25,18287,18833.949,1832431008
18-05-2020 09:15,18795.1,18795.1,17105,17278.9,2008822976
26-05-2020 09:15,17537.65,19455.551,17311.25,19297.25,2017616960
01-06-2020 09:15,19728.9,21619.551,19632.9,21034.5,2848568960
08-06-2020 09:15,21636.1,21807.4,19526.1,20654.551,3318603072
15-06-2020 09:15,20457.15,21467.65,19507.051,21338.1,2357191008
22-06-2020 09:15,21491.551,22479.551,20926.449,21592.051,2838889920
29-06-2020 09:15,21291.551,22344.85,21026.449,21852.4,1661790976
06-07-2020 09:15,22270.949,23080.6,22040.35,22398.449,2232902016
13-07-2020 09:15,22613.25,22657.4,21027.85,21966.801,1634834976
20-07-2020 09:15,22307.301,23211.35,22187.801,22662.051,1822869952
27-07-2020 09:15,22664.6,22668.051,21375,21640.051,1817941984
03-08-2020 09:15,21543.801,21936.5,21031.449,21754,1832093024
10-08-2020 09:15,21824.9,22439.949,21459.1,21679.4,1755114976
17-08-2020 09:15,21906.949,22419.35,21403.15,22299.6,1585097024
24-08-2020 09:15,22436.85,24611.801,22410.051,24523.801,2349957984
31-08-2020 09:15,25038.801,25232.6,22876.9,23011.5,2046679024
07-09-2020 09:15,23036.25,23109.1,22080.4,22479.949,1275144000
14-09-2020 09:15,22683.35,22757.301,21784.9,22031.051,1297081984
21-09-2020 09:15,21983.4,22098.85,20404.9,20982.35,1465189984
28-09-2020 09:15,21152.051,22293.75,21055.1,22246,1071997008
05-10-2020 09:15,22352.1,23904.1,22247.25,23846.801,1440609024
12-10-2020 09:15,23955.6,24190.35,22970.949,23533.25,1196654000
19-10-2020 09:15,23902.9,24823.6,23754.85,24478.301,1416211984
26-10-2020 09:15,24525.801,24809.65,23612.699,23900.9,1444560000
02-11-2020 09:15,24367.6,26853.449,24120.6,26798.949,1997055968
09-11-2020 09:15,27088.949,29030.9,27068.949,28594.301,2141952000
17-11-2020 09:15,28792.25,29784.75,28580.9,29236,1483540992
23-11-2020 09:15,29432.801,30197.85,28852.9,29609.051,2153530048
01-12-2020 09:15,29844.801,30162.301,29149.9,30052.4,1586035008
07-12-2020 09:15,30062.6,30811.801,29950.6,30604.85,2306837952
14-12-2020 09:15,30735.15,30945.199,30345.75,30714.65,1467796992
21-12-2020 09:15,30595.801,30607.5,28976.75,30402.199,1534754016
28-12-2020 09:15,30558.85,31510.25,30538.15,31225.85,1701160992
04-01-2021 09:15,31485.15,32298.051,30893.65,32084.199,2252519008
11-01-2021 09:15,32280.301,32718.949,31725.85,32246.801,2272405008
18-01-2021 09:15,32275.15,32842.301,31119.9,31167.25,2091893056
25-01-2021 09:15,31507.15,31697.551,29687.699,30565.5,1837479008
01-02-2021 09:15,30976.35,36615.199,30906.449,35654.5,3761264000
08-02-2021 09:15,36073.852,36477.148,35428.148,36108.898,2394279040
15-02-2021 09:15,36501.398,37708.75,35584.602,35841.602,3662292992
22-02-2021 09:15,35874.301,37232.199,34658.699,34803.602,2365628992
01-03-2021 09:15,35374.25,36455.148,34893.25,35228.148,2159584000
08-03-2021 09:15,35462.449,36497.352,35090.75,35496.648,1060985024
15-03-2021 09:15,35544.25,35544.25,33361,34161.602,1782132992
22-03-2021 09:15,34088.398,34360.051,32415.25,33318.199,1787398976
30-03-2021 09:15,33615.898,33990.801,33151.801,33858,1056963008
05-04-2021 09:15,33649.148,33697.75,32141.551,32448.051,1662786976
12-04-2021 09:15,31637.9,32325.15,30520.301,31977.449,1743120000
19-04-2021 09:15,30993.449,32148.4,30405.65,31722.301,1502152000
26-04-2021 09:15,32316.65,34287,32144.801,32781.801,1917033952
03-05-2021 09:15,32368.551,33259.148,31906.551,32904.5,2133252000
10-05-2021 09:15,33175.301,33297.602,32115.5,32169.551,1969554048
17-05-2021 09:15,32437.85,34694.449,32318.699,34606.898,2530142016
24-05-2021 09:15,34869.301,35436.648,34410.398,35141.449,3000207008
31-05-2021 09:15,35097.449,35810.898,34930.102,35291.648,1999706262
07-06-2021 09:15,35460.801,35545.852,34641.199,35047.398,1300733356
14-06-2021 09:15,34936.551,35380,33908.949,34558,1113645314
21-06-2021 09:15,34109.449,35491.949,33937.5,35364.648,1287368933
28-06-2021 09:15,35488.199,35576.949,34632.602,34809.898,1165637603
05-07-2021 09:15,35010.949,35811,34859.898,35071.949,809720268
12-07-2021 09:15,35285.051,35985.25,35060.352,35751.801,661640177
19-07-2021 09:15,35070.5,35347.051,34357.352,35034.398,654902436
26-07-2021 09:15,34947.852,35186.102,34115.199,34584.352,897098969
02-08-2021 09:15,34760.898,36219.801,34588.25,35809.25,1402165677
09-08-2021 09:15,35824.199,36317,35531.352,36169.352,816442903
16-08-2021 09:15,36100.648,36261.551,34926.5,35033.852,527313049
23-08-2021 09:15,35424.199,35910.301,34817.5,35627.801,749367106
30-08-2021 09:15,35781.051,37140,35721.898,36761.148,816659645
06-09-2021 09:15,36878.25,36923.648,36151.949,36683.199,472593627
13-09-2021 09:15,36608.449,38112.75,36327.051,37811.949,1127546363
20-09-2021 09:15,37388.199,38112.602,36525.949,37830.301,689925237
27-09-2021 09:15,38054.75,38377.25,36876.352,37225.898,998747949
04-10-2021 09:15,37392.148,38106.852,37355.602,37775.25,808338612
11-10-2021 09:15,37782.75,39375.051,37744.648,39340.898,792871324
18-10-2021 09:15,39794.25,40587.352,39292.801,40323.648,1733565934
25-10-2021 09:15,40961.25,41829.602,38426.648,39115.602,2090791044
01-11-2021 09:15,39432.148,40160.199,39120.648,39573.699,774471041
08-11-2021 09:15,39674.051,39674.051,38346.051,38733.352,866378016
15-11-2021 09:15,38849.449,39117.148,37748.449,37976.25,619377077
22-11-2021 09:15,38232.148,38241,35904.102,36025.5,907917407
29-11-2021 09:15,36224.449,36844,35327.898,36197.148,858986711
06-12-2021 09:15,36252.75,37397.551,35696.75,37105.648,741727693
13-12-2021 09:15,37358.199,37581.051,35535.051,35618.648,659993943
20-12-2021 09:15,35124.352,35477.301,34018.449,34857.051,734985119
27-12-2021 09:15,34573.648,35596.949,34233,35481.699,1177603622
03-01-2022 09:15,35585.199,38134.852,35526.602,37739.602,1029299839
10-01-2022 09:15,37930.551,38851.449,37929.352,38370.398,829919851
17-01-2022 09:15,38212.551,38855.551,37224.25,37574.301,781844763
24-01-2022 09:15,37601.949,38421.699,36375.352,37689.398,1139148819
31-01-2022 09:15,38091.801,39424.852,37647.852,38789.352,1061342391
07-02-2022 09:15,38592.051,39197.199,37319.051,38517.25,869705880
14-02-2022 09:15,37664,38461.699,36651.852,37599.148,826690844
21-02-2022 09:15,37400,38054.398,34991.352,36430.75,1240634304
28-02-2022 09:15,35938.949,36270.25,34094.102,34407.801,816568548
07-03-2022 09:15,33278.148,35374.148,32155.35,34546.25,1227628841
14-03-2022 09:15,34660.25,36611.949,34625.051,36428.551,773242769
21-03-2022 09:15,36545.85,36827.602,35203.852,35410.102,891615853
28-03-2022 09:15,35488.699,37209.801,35016.301,37148.5,1133616418
04-04-2022 09:15,37824.949,38765.852,37346.801,37752.05,1175836094
11-04-2022 09:15,37591.75,37988.6,37264.45,37463.4,446384936
18-04-2022 09:15,36833.148,37123.551,35926.301,36044.75,825470418
25-04-2022 09:15,35792.352,36718.801,35511.398,36088.148,770726954
02-05-2022 09:15,35627.602,36309.301,34353.199,34591.199,751279068
09-05-2022 09:15,34091.75,34793.199,33007.898,33121.352,1152215139
16-05-2022 09:15,33256,34655.801,33001.75,34276.398,783145403
23-05-2022 09:15,34321.398,35694.85,34115.801,35617.7,797277987
30-05-2022 09:15,35979.3,36083.7,35175.102,35275.051,622548008
06-06-2022 09:15,35159.148,35449.898,34346.648,34483.801,507887318
13-06-2022 09:15,33728.648,33774.051,32290.551,32743.051,605215016
20-06-2022 09:15,32873.398,33721.898,32426.4,33627.449,880387580
27-06-2022 09:15,34126.199,34147.5,33080.449,33539.449,676627452
04-07-2022 09:15,33558.852,35262.102,33515.602,35124.051,683234303
11-07-2022 09:15,35017.602,35543.102,34463.898,34682.648,567918702
18-07-2022 09:15,34841.852,36823.449,34804.398,36738.949,800923992
25-07-2022 09:15,36766.699,37754.648,36248.602,37491.398,706292875
01-08-2022 09:15,37594.148,38231.852,37249.5,37920.602,1226200968
08-08-2022 09:15,37847.352,39088.898,37681.449,39042.301,664230155
16-08-2022 09:15,39284.102,39759.148,38848.398,38985.949,583831232
22-08-2022 09:15,38693.648,39471.75,37950.852,38987.148,1045282381
29-08-2022 09:15,38111.602,39667.648,37943.852,39421,659894414
05-09-2022 09:15,39412.051,40685.949,39258.25,40415.699,974068482
12-09-2022 09:15,40540.449,41840.148,40288.898,40776.801,1031272965
19-09-2022 09:15,40685.602,41677.648,39412.699,39546.25,968231181
26-09-2022 09:15,39027.852,39229.398,37386.352,38631.949,1120188252
03-10-2022 09:15,38444.898,39608.352,37963.25,39178.051,737865565
10-10-2022 09:15,38641.551,39570.852,38437.949,39305.602,877722981
17-10-2022 09:15,39295.602,41032.25,39146.699,40784.051,1266706897
24-10-2022 18:15,41348.35,41530.648,40839.301,40990.852,902740220
31-10-2022 09:15,41265.699,41677.25,40819.148,41258.449,1171371493
07-11-2022 09:15,41740.648,42345.5,41318.602,42137.051,1392716932
14-11-2022 09:15,42177.551,42622.75,41965.449,42437.449,913013311
21-11-2022 09:15,42286.949,43339.148,42202.551,42983.949,1542255938
28-11-2022 09:15,42757.199,43515.051,42740,43103.75,1144850320
05-12-2022 09:15,43269.352,43853.398,42948.449,43633.449,1663909801
12-12-2022 09:15,43455.852,44151.801,43080.551,43219.5,1557471660
19-12-2022 09:15,43346.352,43614.648,41597.648,41668.051,1314710562
26-12-2022 09:15,41716.352,43498.051,41569.449,42986.449,1350342440
02-01-2023 09:15,43038.25,43578.398,41877,42188.801,977838634
09-01-2023 09:15,42404.852,42716.801,41729,42371.25,870528706
16-01-2023 09:15,42622.5,42715.648,41861.102,42506.801,1041711364
23-01-2023 09:15,42891.449,43078.898,40148.801,40345.301,958525079
30-01-2023 09:15,39856.148,42015.648,39419.801,41499.699,1717122814
06-02-2023 09:15,41530.148,41791.949,41095.102,41559.398,804068445
13-02-2023 09:15,41563.5,41979.102,40882.699,41131.75,656929803
20-02-2023 09:15,41221.551,41292.602,39600.25,39909.398,814209450
27-02-2023 09:15,39820.398,41390.148,39745.398,41251.352,1025706830
06-03-2023 09:15,41418.398,41671.199,40341.699,40485.449,602217933
13-03-2023 09:15,40356.102,40690.051,38613.148,39598.102,914193283
20-03-2023 09:15,39512.102,40201.602,38941.898,39395.352,824688375
27-03-2023 09:15,39484.699,40690.398,39273.75,40608.648,844121465
03-04-2023 09:15,40695.801,41274.699,40535.898,41041,541284215
10-04-2023 09:15,41116.148,42196.199,40727.25,42132.551,748647777
17-04-2023 09:15,42603.551,42603.551,41799,42118,937645119
24-04-2023 09:15,42469.949,43302.051,42269.102,43233.898,1061466743
02-05-2023 09:15,43395.051,43739.801,42582.199,42661.199,844149840
08-05-2023 09:15,42796.852,43905.949,42780.301,43793.551,1037097681
15-05-2023 09:15,43821.051,44151.699,43446.398,43969.398,1005929019
22-05-2023 09:15,43935.301,44095.25,43390.301,44018,787839316
29-05-2023 09:15,44276.801,44498.602,43706.148,43937.852,918716040
05-06-2023 09:15,44103.25,44459.25,43917.898,43989,659759958
12-06-2023 09:15,44035.199,44212.352,43397.5,43938.148,868930285
19-06-2023 09:15,44015.301,44042.148,43345.949,43622.898,1001837891
26-06-2023 09:15,43714.75,44787.102,43541.75,44747.352,693082652
03-07-2023 09:15,44957.949,45655.5,44844.801,44925,1523283030
10-07-2023 09:15,44958.648,45184.301,44547.801,44819.301,1196085819
17-07-2023 09:15,44951.199,46369.5,44695.051,46075.199,1365080514
24-07-2023 09:15,46131.898,46310.102,45238.801,45468.102,1267479170
31-07-2023 09:15,45546.352,45782.75,44279.398,44879.5,1147643486
07-08-2023 09:15,44993.699,45096.852,44120.898,44199.102,1036409775
14-08-2023 09:15,44066.602,44212.75,43600.352,43851.051,765293574
21-08-2023 09:15,43952.852,44949.898,43862,44231.449,872370927
28-08-2023 09:15,44253.648,44779.648,43830.75,44436.102,1482228490
04-09-2023 09:15,44647.648,45383.352,44207.25,45156.398,1064395252
11-09-2023 09:15,45340.801,46310.398,45231.301,46231.5,1458153351
18-09-2023 09:15,46100.949,46252.949,44548.898,44612.051,1189890342
25-09-2023 09:15,44615,44936.551,44182.5,44584.551,1222733795
03-10-2023 09:15,44561.5,44566.301,43857.5,44360.602,903930651
09-10-2023 09:15,44057.801,44710.551,43796.75,44287.949,833351988
16-10-2023 09:15,44204.75,44589.852,43558.102,43723.051,787125237
23-10-2023 09:15,43822.699,43831.301,42105.398,42782,910617705
30-10-2023 09:15,42721.398,43416.102,42390.5,43318.25,760380965
06-11-2023 09:15,43627.75,44056,43283.852,43996.65,736932447
13-11-2023 09:15,43915.102,44420.949,43513.852,43583.949,743860794
20-11-2023 09:15,43591.5,43806.5,43230.949,43769.102,552506574
28-11-2023 09:15,43851.551,44951.102,43739.801,44814.199,851683943
04-12-2023 09:15,45671.5,47303.648,45484.199,47262,1307881803
11-12-2023 09:15,47233.301,48219.949,46886.898,48143.551,1073749333
18-12-2023 09:15,48068.5,48166.148,46919.699,47491.852,963355788
26-12-2023 09:15,47576.398,48636.449,47411.648,48292.25,868756986
01-01-2024 09:15,48203.449,48450,47481.352,48159,920084100
08-01-2024 09:15,48096.648,48154.5,47010.801,47709.801,881744948
15-01-2024 09:15,47891.051,48305.398,45430.699,46058.2,1620015250
23-01-2024 09:15,46495.45,46580.301,44429,44866.148,1158126249
29-01-2024 09:15,45171.5,45678.699,45110.898,45367.75,568891789
